,image,writing,gender
0,/content/drive/MyDrive/IM/e01-062.png,0,0
1,/content/drive/MyDrive/IM/e01-081.png,0,0
2,/content/drive/MyDrive/IM/e01-086.png,0,0
3,/content/drive/MyDrive/IM/e01-092.png,0,0
4,/content/drive/MyDrive/IM/e01-102.png,0,0
5,/content/drive/MyDrive/IM/e01-107.png,0,0
6,/content/drive/MyDrive/IM/e01-113.png,0,0
7,/content/drive/MyDrive/IM/e01-119.png,2,1
8,/content/drive/MyDrive/IM/e02-000.png,2,1
9,/content/drive/MyDrive/IM/e02-014.png,2,1
10,/content/drive/MyDrive/IM/e02-018.png,3,1
11,/content/drive/MyDrive/IM/e02-021.png,0,0
12,/content/drive/MyDrive/IM/e02-025.png,0,0
13,/content/drive/MyDrive/IM/e02-074.png,2,1
14,/content/drive/MyDrive/IM/e02-082.png,2,1
15,/content/drive/MyDrive/IM/e02-086.png,0,0
16,/content/drive/MyDrive/IM/e02-091.png,2,1
17,/content/drive/MyDrive/IM/e02-094.png,2,1
18,/content/drive/MyDrive/IM/e02-100.png,2,1
19,/content/drive/MyDrive/IM/e02-117.png,2,1
20,/content/drive/MyDrive/IM/e04-000.png,0,0
21,/content/drive/MyDrive/IM/e04-004.png,2,1
22,/content/drive/MyDrive/IM/e04-008.png,2,1
23,/content/drive/MyDrive/IM/e04-011.png,3,1
24,/content/drive/MyDrive/IM/e04-015.png,3,1
25,/content/drive/MyDrive/IM/e04-019.png,0,0
26,/content/drive/MyDrive/IM/e04-022.png,0,0
27,/content/drive/MyDrive/IM/e04-026.png,2,1
28,/content/drive/MyDrive/IM/e04-030.png,2,1
29,/content/drive/MyDrive/IM/e04-034.png,2,1
30,/content/drive/MyDrive/IM/e04-038.png,2,1
31,/content/drive/MyDrive/IM/e04-043.png,0,0
32,/content/drive/MyDrive/IM/e04-052.png,0,0
33,/content/drive/MyDrive/IM/e04-058.png,2,1
34,/content/drive/MyDrive/IM/e04-062.png,0,0
35,/content/drive/MyDrive/IM/e04-068.png,0,0
36,/content/drive/MyDrive/IM/e04-079.png,0,0
37,/content/drive/MyDrive/IM/e04-083.png,2,1
38,/content/drive/MyDrive/IM/e04-086.png,0,0
39,/content/drive/MyDrive/IM/e04-091.png,3,1
40,/content/drive/MyDrive/IM/e04-095.png,3,1
41,/content/drive/MyDrive/IM/e04-099.png,3,1
42,/content/drive/MyDrive/IM/e04-103.png,2,1
43,/content/drive/MyDrive/IM/e04-109.png,2,1
44,/content/drive/MyDrive/IM/e04-114.png,2,1
45,/content/drive/MyDrive/IM/e04-119.png,2,1
46,/content/drive/MyDrive/IM/e04-124.png,2,1
47,/content/drive/MyDrive/IM/e04-127.png,2,1
48,/content/drive/MyDrive/IM/e04-132.png,3,1
49,/content/drive/MyDrive/IM/e06-000.png,2,1
50,/content/drive/MyDrive/IM/e06-003.png,2,1
51,/content/drive/MyDrive/IM/e06-006.png,2,1
52,/content/drive/MyDrive/IM/e06-010.png,2,1
53,/content/drive/MyDrive/IM/e06-015.png,2,1
54,/content/drive/MyDrive/IM/e06-021.png,2,1
55,/content/drive/MyDrive/IM/e06-026.png,0,0
56,/content/drive/MyDrive/IM/e06-030.png,2,1
57,/content/drive/MyDrive/IM/e06-033.png,1,0
58,/content/drive/MyDrive/IM/e06-037.png,2,1
59,/content/drive/MyDrive/IM/e06-041.png,2,1
60,/content/drive/MyDrive/IM/e06-046.png,2,1
61,/content/drive/MyDrive/IM/e06-049.png,0,0
62,/content/drive/MyDrive/IM/e06-053.png,2,1
63,/content/drive/MyDrive/IM/e06-070.png,1,0
64,/content/drive/MyDrive/IM/e07-000.png,0,0
65,/content/drive/MyDrive/IM/e07-003.png,2,1
66,/content/drive/MyDrive/IM/e07-007.png,2,1
67,/content/drive/MyDrive/IM/e07-012.png,3,1
68,/content/drive/MyDrive/IM/e07-061.png,3,1
69,/content/drive/MyDrive/IM/e07-066.png,3,1
70,/content/drive/MyDrive/IM/e07-072.png,3,1
71,/content/drive/MyDrive/IM/e07-076.png,2,1
72,/content/drive/MyDrive/IM/e07-079.png,2,1
73,/content/drive/MyDrive/IM/e07-083.png,2,1
74,/content/drive/MyDrive/IM/e07-086.png,2,1
75,/content/drive/MyDrive/IM/e07-090.png,2,1
76,/content/drive/MyDrive/IM/e07-094.png,2,1
77,/content/drive/MyDrive/IM/e07-098.png,2,1
78,/content/drive/MyDrive/IM/e07-101.png,2,1
79,/content/drive/MyDrive/IM/e07-105.png,2,1
80,/content/drive/MyDrive/IM/e07-108.png,2,1
81,/content/drive/MyDrive/IM/e07-112.png,2,1
82,/content/drive/MyDrive/IM/f01-053.png,0,0
83,/content/drive/MyDrive/IM/f01-058.png,0,0
84,/content/drive/MyDrive/IM/f01-066.png,2,1
85,/content/drive/MyDrive/IM/f01-070.png,0,0
86,/content/drive/MyDrive/IM/f01-075.png,0,0
87,/content/drive/MyDrive/IM/f01-081.png,0,0
88,/content/drive/MyDrive/IM/f01-085.png,0,0
89,/content/drive/MyDrive/IM/f01-135.png,1,0
90,/content/drive/MyDrive/IM/f01-139.png,2,1
91,/content/drive/MyDrive/IM/f01-143.png,2,1
92,/content/drive/MyDrive/IM/f01-147.png,2,1
93,/content/drive/MyDrive/IM/f02-000.png,2,1
94,/content/drive/MyDrive/IM/f02-003.png,2,1
95,/content/drive/MyDrive/IM/f02-017.png,0,0
96,/content/drive/MyDrive/IM/f02-020.png,2,1
97,/content/drive/MyDrive/IM/f02-030.png,0,0
98,/content/drive/MyDrive/IM/f02-033.png,0,0
99,/content/drive/MyDrive/IM/f02-036.png,0,0
100,/content/drive/MyDrive/IM/f02-038.png,0,0
101,/content/drive/MyDrive/IM/f02-040.png,2,1
102,/content/drive/MyDrive/IM/f02-044.png,0,0
103,/content/drive/MyDrive/IM/f02-076.png,0,0
104,/content/drive/MyDrive/IM/f03-169.png,0,0
105,/content/drive/MyDrive/IM/f03-174.png,0,0
106,/content/drive/MyDrive/IM/f03-182.png,0,0
107,/content/drive/MyDrive/IM/f03-191.png,0,0
108,/content/drive/MyDrive/IM/f04-004.png,0,0
109,/content/drive/MyDrive/IM/f04-007.png,0,0
110,/content/drive/MyDrive/IM/f04-011.png,0,0
111,/content/drive/MyDrive/IM/f04-016.png,0,0
112,/content/drive/MyDrive/IM/f04-020.png,3,1
113,/content/drive/MyDrive/IM/f04-024.png,0,0
114,/content/drive/MyDrive/IM/f04-028.png,0,0
115,/content/drive/MyDrive/IM/f04-032.png,0,0
116,/content/drive/MyDrive/IM/f04-035.png,0,0
117,/content/drive/MyDrive/IM/f04-039.png,0,0
118,/content/drive/MyDrive/IM/f04-043.png,0,0
119,/content/drive/MyDrive/IM/f04-046.png,2,1
120,/content/drive/MyDrive/IM/f04-049.png,2,1
121,/content/drive/MyDrive/IM/f04-053.png,1,0
122,/content/drive/MyDrive/IM/f04-057.png,1,0
123,/content/drive/MyDrive/IM/f04-061.png,0,0
124,/content/drive/MyDrive/IM/f04-064.png,0,0
125,/content/drive/MyDrive/IM/f04-068.png,0,0
126,/content/drive/MyDrive/IM/f04-071.png,0,0
127,/content/drive/MyDrive/IM/f04-074.png,0,0
128,/content/drive/MyDrive/IM/f04-079.png,0,0
129,/content/drive/MyDrive/IM/f04-083.png,0,0
130,/content/drive/MyDrive/IM/f04-087.png,0,0
131,/content/drive/MyDrive/IM/f04-093.png,0,0
132,/content/drive/MyDrive/IM/f04-096.png,0,0
133,/content/drive/MyDrive/IM/f04-100.png,0,0
134,/content/drive/MyDrive/IM/f07-000.png,0,0
135,/content/drive/MyDrive/IM/f07-000b.png,0,0
136,/content/drive/MyDrive/IM/f07-002.png,0,0
137,/content/drive/MyDrive/IM/f07-006.png,0,0
138,/content/drive/MyDrive/IM/f07-009.png,0,0
139,/content/drive/MyDrive/IM/f07-013.png,0,0
140,/content/drive/MyDrive/IM/f07-016.png,0,0
141,/content/drive/MyDrive/IM/f07-019a.png,0,0
142,/content/drive/MyDrive/IM/f07-019b.png,0,0
143,/content/drive/MyDrive/IM/f07-021a.png,0,0
144,/content/drive/MyDrive/IM/f07-021b.png,0,0
145,/content/drive/MyDrive/IM/f07-024a.png,0,0
146,/content/drive/MyDrive/IM/f07-024b.png,0,0
147,/content/drive/MyDrive/IM/f07-028a.png,0,0
148,/content/drive/MyDrive/IM/f07-028b.png,0,0
149,/content/drive/MyDrive/IM/f07-032a.png,0,0
150,/content/drive/MyDrive/IM/f07-032b.png,0,0
151,/content/drive/MyDrive/IM/f07-036.png,0,0
152,/content/drive/MyDrive/IM/f07-039a.png,0,0
153,/content/drive/MyDrive/IM/f07-039b.png,0,0
154,/content/drive/MyDrive/IM/f07-042a.png,0,0
155,/content/drive/MyDrive/IM/f07-042b.png,0,0
156,/content/drive/MyDrive/IM/f07-046a.png,0,0
157,/content/drive/MyDrive/IM/f07-046b.png,0,0
158,/content/drive/MyDrive/IM/f07-069.png,2,1
159,/content/drive/MyDrive/IM/f07-073.png,2,1
160,/content/drive/MyDrive/IM/f07-076a.png,2,1
161,/content/drive/MyDrive/IM/f07-081a.png,2,1
162,/content/drive/MyDrive/IM/f07-096.png,1,0
163,/content/drive/MyDrive/IM/f07-081b.png,2,1
164,/content/drive/MyDrive/IM/f07-084a.png,2,1
165,/content/drive/MyDrive/IM/f07-084b.png,2,1
166,/content/drive/MyDrive/IM/f07-088a.png,2,1
167,/content/drive/MyDrive/IM/f07-088b.png,1,0
168,/content/drive/MyDrive/IM/f07-092a.png,2,1
169,/content/drive/MyDrive/IM/f07-092b.png,1,0
170,/content/drive/MyDrive/IM/f07-101a.png,3,1
171,/content/drive/MyDrive/IM/f07-101b.png,1,0
172,/content/drive/MyDrive/IM/g01-000.png,2,1
173,/content/drive/MyDrive/IM/g01-004.png,0,0
174,/content/drive/MyDrive/IM/g01-008.png,0,0
175,/content/drive/MyDrive/IM/g01-012.png,2,1
176,/content/drive/MyDrive/IM/g01-016.png,2,1
177,/content/drive/MyDrive/IM/g01-019.png,2,1
178,/content/drive/MyDrive/IM/g01-022.png,0,0
179,/content/drive/MyDrive/IM/g01-025.png,0,0
180,/content/drive/MyDrive/IM/g01-027.png,0,0
181,/content/drive/MyDrive/IM/g01-031.png,2,1
182,/content/drive/MyDrive/IM/g01-034.png,2,1
183,/content/drive/MyDrive/IM/g01-037.png,2,1
184,/content/drive/MyDrive/IM/g01-039.png,3,1
185,/content/drive/MyDrive/IM/g01-043.png,3,1
186,/content/drive/MyDrive/IM/g01-045.png,3,1
187,/content/drive/MyDrive/IM/g01-067.png,1,0
188,/content/drive/MyDrive/IM/g01-070.png,1,0
189,/content/drive/MyDrive/IM/g01-074.png,1,0
190,/content/drive/MyDrive/IM/g01-083.png,2,1
191,/content/drive/MyDrive/IM/g01-088.png,0,0
192,/content/drive/MyDrive/IM/g02-059.png,2,1
193,/content/drive/MyDrive/IM/g02-062.png,2,1
194,/content/drive/MyDrive/IM/g02-065.png,0,0
195,/content/drive/MyDrive/IM/g02-073.png,1,0
196,/content/drive/MyDrive/IM/g03-000.png,2,1
197,/content/drive/MyDrive/IM/g03-004.png,0,0
198,/content/drive/MyDrive/IM/g03-016.png,2,1
199,/content/drive/MyDrive/IM/g03-032.png,0,0
200,/content/drive/MyDrive/IM/g03-040.png,0,0
201,/content/drive/MyDrive/IM/g03-043.png,0,0
202,/content/drive/MyDrive/IM/g03-049.png,2,1
203,/content/drive/MyDrive/IM/g03-052.png,0,0
204,/content/drive/MyDrive/IM/g03-058.png,0,0
205,/content/drive/MyDrive/IM/g03-064.png,0,0
206,/content/drive/MyDrive/IM/g04-003.png,2,1
207,/content/drive/MyDrive/IM/g04-007.png,0,0
208,/content/drive/MyDrive/IM/g04-011.png,0,0
209,/content/drive/MyDrive/IM/g04-014.png,0,0
210,/content/drive/MyDrive/IM/g04-017.png,3,1
211,/content/drive/MyDrive/IM/g04-022.png,2,1
212,/content/drive/MyDrive/IM/g04-026.png,3,1
213,/content/drive/MyDrive/IM/g04-032.png,3,1
214,/content/drive/MyDrive/IM/g04-036.png,2,1
215,/content/drive/MyDrive/IM/g04-039.png,2,1
216,/content/drive/MyDrive/IM/g04-043.png,3,1
217,/content/drive/MyDrive/IM/g04-048.png,3,1
218,/content/drive/MyDrive/IM/g04-052.png,3,1
219,/content/drive/MyDrive/IM/g04-055.png,2,1
220,/content/drive/MyDrive/IM/g04-060.png,2,1
221,/content/drive/MyDrive/IM/g04-063.png,2,1
222,/content/drive/MyDrive/IM/g04-068.png,0,0
223,/content/drive/MyDrive/IM/g04-072.png,0,0
224,/content/drive/MyDrive/IM/g04-077.png,0,0
225,/content/drive/MyDrive/IM/g04-081.png,2,1
226,/content/drive/MyDrive/IM/g04-088.png,0,0
227,/content/drive/MyDrive/IM/g04-092.png,0,0
228,/content/drive/MyDrive/IM/g04-095.png,0,0
229,/content/drive/MyDrive/IM/g04-098.png,2,1
230,/content/drive/MyDrive/IM/g04-101.png,2,1
231,/content/drive/MyDrive/IM/g04-104.png,2,1
232,/content/drive/MyDrive/IM/g04-108.png,2,1
233,/content/drive/MyDrive/IM/g05-087.png,0,0
234,/content/drive/MyDrive/IM/g05-094.png,2,1
235,/content/drive/MyDrive/IM/g05-098.png,2,1
236,/content/drive/MyDrive/IM/g06-011a.png,2,1
237,/content/drive/MyDrive/IM/g06-011b.png,0,0
238,/content/drive/MyDrive/IM/g06-011c.png,0,0
239,/content/drive/MyDrive/IM/g06-011e.png,2,1
240,/content/drive/MyDrive/IM/g06-011f.png,0,0
241,/content/drive/MyDrive/IM/g06-011g.png,0,0
242,/content/drive/MyDrive/IM/g06-011h.png,0,0
243,/content/drive/MyDrive/IM/g06-011i.png,2,1
244,/content/drive/MyDrive/IM/g06-011j.png,0,0
245,/content/drive/MyDrive/IM/g06-011k.png,2,1
246,/content/drive/MyDrive/IM/g06-011l.png,0,0
247,/content/drive/MyDrive/IM/g06-011m.png,1,0
248,/content/drive/MyDrive/IM/g06-011n.png,0,0
249,/content/drive/MyDrive/IM/g06-011o.png,2,1
250,/content/drive/MyDrive/IM/g06-011p.png,3,1
251,/content/drive/MyDrive/IM/g06-011r.png,2,1
252,/content/drive/MyDrive/IM/g06-018a.png,2,1
253,/content/drive/MyDrive/IM/g06-018b.png,0,0
254,/content/drive/MyDrive/IM/g06-018c.png,0,0
255,/content/drive/MyDrive/IM/g06-018d.png,2,1
256,/content/drive/MyDrive/IM/g06-018e.png,2,1
257,/content/drive/MyDrive/IM/g06-018f.png,0,0
258,/content/drive/MyDrive/IM/g06-018g.png,0,0
259,/content/drive/MyDrive/IM/g06-018h.png,0,0
260,/content/drive/MyDrive/IM/g06-018i.png,2,1
261,/content/drive/MyDrive/IM/g06-018j.png,0,0
262,/content/drive/MyDrive/IM/g06-018k.png,2,1
263,/content/drive/MyDrive/IM/g06-018l.png,0,0
264,/content/drive/MyDrive/IM/g06-018m.png,1,0
265,/content/drive/MyDrive/IM/g06-018n.png,0,0
266,/content/drive/MyDrive/IM/g06-018o.png,2,1
267,/content/drive/MyDrive/IM/g06-018p.png,3,1
268,/content/drive/MyDrive/IM/g06-018r.png,2,1
269,/content/drive/MyDrive/IM/g06-026a.png,2,1
270,/content/drive/MyDrive/IM/g06-026b.png,0,0
271,/content/drive/MyDrive/IM/g06-026c.png,0,0
272,/content/drive/MyDrive/IM/g06-026d.png,2,1
273,/content/drive/MyDrive/IM/g06-026e.png,2,1
274,/content/drive/MyDrive/IM/g06-026f.png,0,0
275,/content/drive/MyDrive/IM/g06-026g.png,0,0
276,/content/drive/MyDrive/IM/g06-026h.png,0,0
277,/content/drive/MyDrive/IM/g06-026i.png,2,1
278,/content/drive/MyDrive/IM/g06-026j.png,0,0
279,/content/drive/MyDrive/IM/g06-026k.png,2,1
280,/content/drive/MyDrive/IM/g06-026l.png,0,0
281,/content/drive/MyDrive/IM/g06-026m.png,1,0
282,/content/drive/MyDrive/IM/g06-026n.png,0,0
283,/content/drive/MyDrive/IM/g06-026o.png,2,1
284,/content/drive/MyDrive/IM/g06-026p.png,3,1
285,/content/drive/MyDrive/IM/g06-026r.png,2,1
286,/content/drive/MyDrive/IM/g06-031a.png,2,1
287,/content/drive/MyDrive/IM/g06-031b.png,0,0
288,/content/drive/MyDrive/IM/g06-031c.png,0,0
289,/content/drive/MyDrive/IM/g06-031d.png,2,1
290,/content/drive/MyDrive/IM/g06-031e.png,2,1
291,/content/drive/MyDrive/IM/g06-031f.png,0,0
292,/content/drive/MyDrive/IM/g06-031g.png,0,0
293,/content/drive/MyDrive/IM/g06-031h.png,0,0
294,/content/drive/MyDrive/IM/g06-031i.png,2,1
295,/content/drive/MyDrive/IM/g06-031j.png,0,0
296,/content/drive/MyDrive/IM/g06-031k.png,2,1
297,/content/drive/MyDrive/IM/g06-031l.png,0,0
298,/content/drive/MyDrive/IM/g06-031m.png,1,0
299,/content/drive/MyDrive/IM/g06-031n.png,0,0
300,/content/drive/MyDrive/IM/g06-031o.png,2,1
301,/content/drive/MyDrive/IM/g06-031p.png,3,1
302,/content/drive/MyDrive/IM/g06-031r.png,2,1
303,/content/drive/MyDrive/IM/g06-037b.png,0,0
304,/content/drive/MyDrive/IM/g06-037c.png,0,0
305,/content/drive/MyDrive/IM/g06-037d.png,2,1
306,/content/drive/MyDrive/IM/g06-037e.png,2,1
307,/content/drive/MyDrive/IM/g06-037f.png,0,0
308,/content/drive/MyDrive/IM/g06-037g.png,0,0
309,/content/drive/MyDrive/IM/g06-037h.png,0,0
310,/content/drive/MyDrive/IM/g06-037i.png,2,1
311,/content/drive/MyDrive/IM/g06-037j.png,0,0
312,/content/drive/MyDrive/IM/g06-037k.png,2,1
313,/content/drive/MyDrive/IM/g06-037l.png,0,0
314,/content/drive/MyDrive/IM/g06-037m.png,1,0
315,/content/drive/MyDrive/IM/g06-037n.png,0,0
316,/content/drive/MyDrive/IM/g06-037o.png,2,1
317,/content/drive/MyDrive/IM/g06-037p.png,3,1
318,/content/drive/MyDrive/IM/g06-037r.png,2,1
319,/content/drive/MyDrive/IM/g06-042a.png,2,1
320,/content/drive/MyDrive/IM/g06-042b.png,0,0
321,/content/drive/MyDrive/IM/g06-042c.png,0,0
322,/content/drive/MyDrive/IM/g06-042d.png,2,1
323,/content/drive/MyDrive/IM/g06-042e.png,2,1
324,/content/drive/MyDrive/IM/g06-042f.png,0,0
325,/content/drive/MyDrive/IM/g06-042g.png,0,0
326,/content/drive/MyDrive/IM/g06-042h.png,0,0
327,/content/drive/MyDrive/IM/g06-042i.png,2,1
328,/content/drive/MyDrive/IM/g06-042j.png,0,0
329,/content/drive/MyDrive/IM/g06-042k.png,2,1
330,/content/drive/MyDrive/IM/g06-042l.png,0,0
331,/content/drive/MyDrive/IM/g06-042m.png,1,0
332,/content/drive/MyDrive/IM/g06-042n.png,0,0
333,/content/drive/MyDrive/IM/g06-042o.png,2,1
334,/content/drive/MyDrive/IM/g06-042p.png,3,1
335,/content/drive/MyDrive/IM/g06-042r.png,2,1
336,/content/drive/MyDrive/IM/g06-045a.png,2,1
337,/content/drive/MyDrive/IM/g06-045b.png,0,0
338,/content/drive/MyDrive/IM/g06-045c.png,0,0
339,/content/drive/MyDrive/IM/g06-045d.png,2,1
340,/content/drive/MyDrive/IM/g06-045e.png,2,1
341,/content/drive/MyDrive/IM/g06-045f.png,0,0
342,/content/drive/MyDrive/IM/g06-045g.png,0,0
343,/content/drive/MyDrive/IM/g06-045h.png,0,0
344,/content/drive/MyDrive/IM/g06-045i.png,2,1
345,/content/drive/MyDrive/IM/g06-045j.png,0,0
346,/content/drive/MyDrive/IM/g06-045k.png,2,1
347,/content/drive/MyDrive/IM/g06-045l.png,0,0
348,/content/drive/MyDrive/IM/g06-045m.png,1,0
349,/content/drive/MyDrive/IM/g06-045n.png,0,0
350,/content/drive/MyDrive/IM/g06-045o.png,2,1
351,/content/drive/MyDrive/IM/g06-045p.png,3,1
352,/content/drive/MyDrive/IM/g06-045r.png,2,1
353,/content/drive/MyDrive/IM/g06-047a.png,2,1
354,/content/drive/MyDrive/IM/g06-047b.png,0,0
355,/content/drive/MyDrive/IM/g06-047c.png,0,0
356,/content/drive/MyDrive/IM/g06-047d.png,2,1
357,/content/drive/MyDrive/IM/g06-047e.png,2,1
358,/content/drive/MyDrive/IM/g06-047f.png,0,0
359,/content/drive/MyDrive/IM/g06-047g.png,0,0
360,/content/drive/MyDrive/IM/g06-047h.png,0,0
361,/content/drive/MyDrive/IM/g06-047i.png,2,1
362,/content/drive/MyDrive/IM/g06-047j.png,0,0
363,/content/drive/MyDrive/IM/g06-047k.png,2,1
364,/content/drive/MyDrive/IM/g06-047l.png,0,0
365,/content/drive/MyDrive/IM/g06-047m.png,1,0
366,/content/drive/MyDrive/IM/g06-047n.png,0,0
367,/content/drive/MyDrive/IM/g06-047o.png,2,1
368,/content/drive/MyDrive/IM/g06-047p.png,3,1
369,/content/drive/MyDrive/IM/g06-047r.png,2,1
370,/content/drive/MyDrive/IM/g06-050a.png,2,1
371,/content/drive/MyDrive/IM/g06-050b.png,0,0
372,/content/drive/MyDrive/IM/g06-050c.png,0,0
373,/content/drive/MyDrive/IM/g06-050d.png,2,1
374,/content/drive/MyDrive/IM/g06-050e.png,2,1
375,/content/drive/MyDrive/IM/g06-050f.png,0,0
376,/content/drive/MyDrive/IM/g06-050g.png,0,0
377,/content/drive/MyDrive/IM/g06-050h.png,0,0
378,/content/drive/MyDrive/IM/g06-050i.png,2,1
379,/content/drive/MyDrive/IM/g06-050j.png,0,0
380,/content/drive/MyDrive/IM/g06-050k.png,2,1
381,/content/drive/MyDrive/IM/g06-050l.png,0,0
382,/content/drive/MyDrive/IM/g06-050m.png,1,0
383,/content/drive/MyDrive/IM/g06-050n.png,0,0
384,/content/drive/MyDrive/IM/g06-050o.png,2,1
385,/content/drive/MyDrive/IM/g06-050p.png,3,1
386,/content/drive/MyDrive/IM/g06-050r.png,2,1
387,/content/drive/MyDrive/IM/g06-089.png,0,0
388,/content/drive/MyDrive/IM/g06-093.png,0,0
389,/content/drive/MyDrive/IM/g06-096.png,0,0
390,/content/drive/MyDrive/IM/g06-101.png,0,0
391,/content/drive/MyDrive/IM/g06-105.png,0,0
392,/content/drive/MyDrive/IM/g06-109.png,0,0
393,/content/drive/MyDrive/IM/g06-115.png,0,0
394,/content/drive/MyDrive/IM/g07-000a.png,3,1
395,/content/drive/MyDrive/IM/g07-000b.png,1,0
396,/content/drive/MyDrive/IM/g07-003a.png,3,1
397,/content/drive/MyDrive/IM/g07-003b.png,2,1
398,/content/drive/MyDrive/IM/g07-007a.png,3,1
399,/content/drive/MyDrive/IM/g07-007b.png,2,1
400,/content/drive/MyDrive/IM/g07-010b.png,2,1
401,/content/drive/MyDrive/IM/g07-014.png,0,0
402,/content/drive/MyDrive/IM/g07-014b.png,2,1
403,/content/drive/MyDrive/IM/g07-018a.png,0,0
404,/content/drive/MyDrive/IM/g07-022a.png,0,0
405,/content/drive/MyDrive/IM/g07-022b.png,0,0
406,/content/drive/MyDrive/IM/g07-026a.png,0,0
407,/content/drive/MyDrive/IM/g07-026b.png,0,0
408,/content/drive/MyDrive/IM/g07-028a.png,0,0
409,/content/drive/MyDrive/IM/g07-028b.png,0,0
410,/content/drive/MyDrive/IM/g07-030.png,0,0
411,/content/drive/MyDrive/IM/g07-034.png,0,0
412,/content/drive/MyDrive/IM/g07-038.png,2,1
413,/content/drive/MyDrive/IM/g07-042.png,2,1
414,/content/drive/MyDrive/IM/g07-044.png,2,1
415,/content/drive/MyDrive/IM/g07-047.png,2,1
416,/content/drive/MyDrive/IM/g07-050.png,2,1
417,/content/drive/MyDrive/IM/g07-065.png,0,0
418,/content/drive/MyDrive/IM/g07-069a.png,0,0
419,/content/drive/MyDrive/IM/g07-071a.png,0,0
420,/content/drive/MyDrive/IM/g07-074a.png,0,0
421,/content/drive/MyDrive/IM/g07-077a.png,0,0
422,/content/drive/MyDrive/IM/g07-079a.png,0,0
423,/content/drive/MyDrive/IM/g07-084.png,0,0
424,/content/drive/MyDrive/IM/h01-000.png,2,1
425,/content/drive/MyDrive/IM/h01-004.png,2,1
426,/content/drive/MyDrive/IM/h01-007.png,2,1
427,/content/drive/MyDrive/IM/h01-010.png,0,0
428,/content/drive/MyDrive/IM/h01-014.png,0,0
429,/content/drive/MyDrive/IM/h01-018.png,0,0
430,/content/drive/MyDrive/IM/h01-024.png,0,0
431,/content/drive/MyDrive/IM/h01-027.png,1,0
432,/content/drive/MyDrive/IM/h01-030.png,0,0
433,/content/drive/MyDrive/IM/h02-004.png,2,1
434,/content/drive/MyDrive/IM/h02-008.png,2,1
435,/content/drive/MyDrive/IM/h02-012.png,2,1
436,/content/drive/MyDrive/IM/h02-017.png,2,1
437,/content/drive/MyDrive/IM/h02-019.png,2,1
438,/content/drive/MyDrive/IM/h02-022.png,2,1
439,/content/drive/MyDrive/IM/h02-024.png,2,1
440,/content/drive/MyDrive/IM/h02-028.png,2,1
441,/content/drive/MyDrive/IM/h02-035.png,3,1
442,/content/drive/MyDrive/IM/h02-037.png,0,0
443,/content/drive/MyDrive/IM/h02-040.png,0,0
444,/content/drive/MyDrive/IM/h02-043.png,2,1
445,/content/drive/MyDrive/IM/h02-049.png,0,0
446,/content/drive/MyDrive/IM/h04-000.png,2,1
447,/content/drive/MyDrive/IM/h04-007.png,2,1
448,/content/drive/MyDrive/IM/h04-021.png,2,1
449,/content/drive/MyDrive/IM/h04-025.png,3,1
450,/content/drive/MyDrive/IM/h04-028.png,0,0
451,/content/drive/MyDrive/IM/h04-035.png,0,0
452,/content/drive/MyDrive/IM/h04-049.png,0,0
453,/content/drive/MyDrive/IM/h04-052.png,2,1
454,/content/drive/MyDrive/IM/h04-055.png,2,1
455,/content/drive/MyDrive/IM/h04-057.png,3,1
456,/content/drive/MyDrive/IM/h04-061.png,3,1
457,/content/drive/MyDrive/IM/h04-071.png,2,1
458,/content/drive/MyDrive/IM/h04-074.png,2,1
459,/content/drive/MyDrive/IM/h04-078.png,2,1
460,/content/drive/MyDrive/IM/h04-082.png,2,1
461,/content/drive/MyDrive/IM/h05-012.png,2,1
462,/content/drive/MyDrive/IM/h06-000.png,0,0
463,/content/drive/MyDrive/IM/h06-003.png,0,0
464,/content/drive/MyDrive/IM/h06-079.png,0,0
465,/content/drive/MyDrive/IM/h06-082.png,0,0
466,/content/drive/MyDrive/IM/h06-085.png,0,0
467,/content/drive/MyDrive/IM/h06-089.png,0,0
468,/content/drive/MyDrive/IM/h06-092.png,0,0
469,/content/drive/MyDrive/IM/h06-096.png,0,0
470,/content/drive/MyDrive/IM/h07-000.png,0,0
471,/content/drive/MyDrive/IM/h07-003.png,0,0
472,/content/drive/MyDrive/IM/h07-007.png,0,0
473,/content/drive/MyDrive/IM/h07-011.png,0,0
474,/content/drive/MyDrive/IM/h07-013.png,0,0
475,/content/drive/MyDrive/IM/h07-017.png,0,0
476,/content/drive/MyDrive/IM/h07-020.png,0,0
477,/content/drive/MyDrive/IM/h07-023.png,0,0
478,/content/drive/MyDrive/IM/h07-025.png,0,0
479,/content/drive/MyDrive/IM/h07-025a.png,0,0
480,/content/drive/MyDrive/IM/h07-028.png,0,0
481,/content/drive/MyDrive/IM/h07-028a.png,2,1
482,/content/drive/MyDrive/IM/h07-030.png,0,0
483,/content/drive/MyDrive/IM/h07-030a.png,2,1
484,/content/drive/MyDrive/IM/h07-033.png,0,0
485,/content/drive/MyDrive/IM/h07-033a.png,2,1
486,/content/drive/MyDrive/IM/h07-037.png,0,0
487,/content/drive/MyDrive/IM/h07-037a.png,2,1
488,/content/drive/MyDrive/IM/h07-040.png,0,0
489,/content/drive/MyDrive/IM/h07-040b.png,2,1
490,/content/drive/MyDrive/IM/h07-044a.png,0,0
491,/content/drive/MyDrive/IM/h07-051b.png,0,0
492,/content/drive/MyDrive/IM/h07-054a.png,2,1
493,/content/drive/MyDrive/IM/h07-057a.png,2,1
494,/content/drive/MyDrive/IM/h07-060a.png,2,1
495,/content/drive/MyDrive/IM/h07-060b.png,0,0
496,/content/drive/MyDrive/IM/h07-063a.png,2,1
497,/content/drive/MyDrive/IM/h07-063b.png,0,0
498,/content/drive/MyDrive/IM/h07-066a.png,2,1
499,/content/drive/MyDrive/IM/h07-066b.png,0,0
500,/content/drive/MyDrive/IM/h07-069.png,0,0
501,/content/drive/MyDrive/IM/h07-069a.png,0,0
502,/content/drive/MyDrive/IM/h07-071.png,0,0
503,/content/drive/MyDrive/IM/h07-071a.png,0,0
504,/content/drive/MyDrive/IM/h07-075.png,0,0
505,/content/drive/MyDrive/IM/h07-075a.png,0,0
506,/content/drive/MyDrive/IM/h07-078.png,0,0
507,/content/drive/MyDrive/IM/h07-078a.png,0,0
508,/content/drive/MyDrive/IM/h07-080.png,0,0
509,/content/drive/MyDrive/IM/h07-080a.png,0,0
510,/content/drive/MyDrive/IM/h07-084.png,0,0
511,/content/drive/MyDrive/IM/h07-087.png,3,1
512,/content/drive/MyDrive/IM/j01-042.png,2,1
513,/content/drive/MyDrive/IM/j01-045.png,2,1
514,/content/drive/MyDrive/IM/j01-049.png,2,1
515,/content/drive/MyDrive/IM/j01-059.png,2,1
516,/content/drive/MyDrive/IM/j01-063.png,2,1
517,/content/drive/MyDrive/IM/j01-066.png,2,1
518,/content/drive/MyDrive/IM/j01-070.png,2,1
519,/content/drive/MyDrive/IM/j04-008.png,2,1
520,/content/drive/MyDrive/IM/j04-012.png,0,0
521,/content/drive/MyDrive/IM/j04-015.png,2,1
522,/content/drive/MyDrive/IM/j04-019.png,0,0
523,/content/drive/MyDrive/IM/j04-024.png,0,0
524,/content/drive/MyDrive/IM/j04-035.png,0,0
525,/content/drive/MyDrive/IM/j04-039.png,2,1
526,/content/drive/MyDrive/IM/j04-046.png,0,0
527,/content/drive/MyDrive/IM/j04-053.png,0,0
528,/content/drive/MyDrive/IM/j04-061.png,2,1
529,/content/drive/MyDrive/IM/j04-065.png,2,1
530,/content/drive/MyDrive/IM/j04-070.png,0,0
531,/content/drive/MyDrive/IM/j04-076.png,0,0
532,/content/drive/MyDrive/IM/j04-080.png,0,0
533,/content/drive/MyDrive/IM/j04-094.png,0,0
534,/content/drive/MyDrive/IM/j04-098.png,2,1
535,/content/drive/MyDrive/IM/j04-103.png,2,1
536,/content/drive/MyDrive/IM/j04-111.png,3,1
537,/content/drive/MyDrive/IM/j04-115.png,3,1
538,/content/drive/MyDrive/IM/j06-000.png,0,0
539,/content/drive/MyDrive/IM/j06-005.png,0,0
540,/content/drive/MyDrive/IM/j06-008.png,0,0
541,/content/drive/MyDrive/IM/j06-014.png,0,0
542,/content/drive/MyDrive/IM/j06-018.png,1,0
543,/content/drive/MyDrive/IM/j06-022.png,1,0
544,/content/drive/MyDrive/IM/j06-026.png,1,0
545,/content/drive/MyDrive/IM/j06-030.png,1,0
546,/content/drive/MyDrive/IM/j06-034.png,1,0
547,/content/drive/MyDrive/IM/j06-051.png,1,0
548,/content/drive/MyDrive/IM/j06-056.png,1,0
549,/content/drive/MyDrive/IM/j07-000.png,3,1
550,/content/drive/MyDrive/IM/j07-005.png,0,0
551,/content/drive/MyDrive/IM/j07-009.png,3,1
552,/content/drive/MyDrive/IM/j07-012.png,3,1
553,/content/drive/MyDrive/IM/j07-015.png,3,1
554,/content/drive/MyDrive/IM/k01-051.png,0,0
555,/content/drive/MyDrive/IM/k02-018.png,0,0
556,/content/drive/MyDrive/IM/k02-023.png,3,1
557,/content/drive/MyDrive/IM/k02-029.png,2,1
558,/content/drive/MyDrive/IM/k02-036.png,2,1
559,/content/drive/MyDrive/IM/k02-053.png,2,1
560,/content/drive/MyDrive/IM/k02-062.png,2,1
561,/content/drive/MyDrive/IM/k02-067.png,2,1
562,/content/drive/MyDrive/IM/k02-076.png,2,1
563,/content/drive/MyDrive/IM/k02-093.png,0,0
564,/content/drive/MyDrive/IM/k02-097.png,0,0
565,/content/drive/MyDrive/IM/k02-102.png,2,1
566,/content/drive/MyDrive/IM/k02-112.png,0,0
567,/content/drive/MyDrive/IM/k02-117.png,2,1
568,/content/drive/MyDrive/IM/k03-117.png,0,0
569,/content/drive/MyDrive/IM/k03-138.png,2,1
570,/content/drive/MyDrive/IM/k03-144.png,0,0
571,/content/drive/MyDrive/IM/k03-152.png,2,1
572,/content/drive/MyDrive/IM/k03-157.png,0,0
573,/content/drive/MyDrive/IM/k03-164.png,2,1
574,/content/drive/MyDrive/IM/k03-180.png,2,1
575,/content/drive/MyDrive/IM/k04-000.png,0,0
576,/content/drive/MyDrive/IM/k04-005.png,2,1
577,/content/drive/MyDrive/IM/k04-010.png,0,0
578,/content/drive/MyDrive/IM/k04-014.png,2,1
579,/content/drive/MyDrive/IM/k04-017.png,2,1
580,/content/drive/MyDrive/IM/k04-022.png,0,0
581,/content/drive/MyDrive/IM/k04-028.png,2,1
582,/content/drive/MyDrive/IM/k04-033.png,2,1
583,/content/drive/MyDrive/IM/k04-039.png,0,0
584,/content/drive/MyDrive/IM/k04-050.png,0,0
585,/content/drive/MyDrive/IM/k04-054.png,0,0
586,/content/drive/MyDrive/IM/k04-057.png,0,0
587,/content/drive/MyDrive/IM/k04-061.png,0,0
588,/content/drive/MyDrive/IM/k04-064.png,0,0
589,/content/drive/MyDrive/IM/k04-068.png,0,0
590,/content/drive/MyDrive/IM/k04-075.png,0,0
591,/content/drive/MyDrive/IM/k04-079.png,0,0
592,/content/drive/MyDrive/IM/k04-085.png,2,1
593,/content/drive/MyDrive/IM/k04-093.png,2,1
594,/content/drive/MyDrive/IM/k04-099.png,2,1
595,/content/drive/MyDrive/IM/k04-103.png,2,1
596,/content/drive/MyDrive/IM/k04-106.png,2,1
597,/content/drive/MyDrive/IM/k04-110.png,0,0
598,/content/drive/MyDrive/IM/k04-115.png,0,0
599,/content/drive/MyDrive/IM/k04-119.png,2,1
600,/content/drive/MyDrive/IM/k04-126.png,0,0
601,/content/drive/MyDrive/IM/k04-136.png,0,0
602,/content/drive/MyDrive/IM/k04-142.png,0,0
603,/content/drive/MyDrive/IM/k04-149.png,0,0
604,/content/drive/MyDrive/IM/k04-156.png,0,0
605,/content/drive/MyDrive/IM/k04-163.png,0,0
606,/content/drive/MyDrive/IM/k07-059a.png,3,1
607,/content/drive/MyDrive/IM/k07-063a.png,3,1
608,/content/drive/MyDrive/IM/k07-067a.png,3,1
609,/content/drive/MyDrive/IM/k07-077.png,3,1
610,/content/drive/MyDrive/IM/k07-085.png,3,1
611,/content/drive/MyDrive/IM/k07-122.png,2,1
612,/content/drive/MyDrive/IM/k07-125.png,2,1
613,/content/drive/MyDrive/IM/k07-134.png,2,1
614,/content/drive/MyDrive/IM/k07-141.png,2,1
615,/content/drive/MyDrive/IM/k07-146.png,2,1
616,/content/drive/MyDrive/IM/k07-152.png,1,0
617,/content/drive/MyDrive/IM/k07-158.png,1,0
618,/content/drive/MyDrive/IM/k07-166.png,1,0
619,/content/drive/MyDrive/IM/k07-176.png,1,0
620,/content/drive/MyDrive/IM/k07-185.png,1,0
621,/content/drive/MyDrive/IM/l01-000.png,0,0
622,/content/drive/MyDrive/IM/l01-007.png,3,1
623,/content/drive/MyDrive/IM/l01-016.png,3,1
624,/content/drive/MyDrive/IM/l01-023.png,3,1
625,/content/drive/MyDrive/IM/l01-030.png,0,0
626,/content/drive/MyDrive/IM/l01-050.png,2,1
627,/content/drive/MyDrive/IM/l01-065.png,2,1
628,/content/drive/MyDrive/IM/l01-082.png,2,1
629,/content/drive/MyDrive/IM/l01-095.png,0,0
630,/content/drive/MyDrive/IM/l01-105.png,2,1
631,/content/drive/MyDrive/IM/l01-111.png,2,1
632,/content/drive/MyDrive/IM/l01-119.png,2,1
633,/content/drive/MyDrive/IM/l01-129.png,0,0
634,/content/drive/MyDrive/IM/l01-133.png,2,1
635,/content/drive/MyDrive/IM/l01-143.png,0,0
636,/content/drive/MyDrive/IM/l01-157.png,0,0
637,/content/drive/MyDrive/IM/l01-173.png,0,0
638,/content/drive/MyDrive/IM/l01-179.png,2,1
639,/content/drive/MyDrive/IM/l01-187.png,2,1
640,/content/drive/MyDrive/IM/l01-195.png,2,1
641,/content/drive/MyDrive/IM/l01-199.png,1,0
642,/content/drive/MyDrive/IM/l03-000.png,2,1
643,/content/drive/MyDrive/IM/l03-004.png,0,0
644,/content/drive/MyDrive/IM/l03-008.png,0,0
645,/content/drive/MyDrive/IM/l04-000.png,0,0
646,/content/drive/MyDrive/IM/l04-005.png,2,1
647,/content/drive/MyDrive/IM/l04-012.png,2,1
648,/content/drive/MyDrive/IM/l04-020.png,2,1
649,/content/drive/MyDrive/IM/l04-026.png,2,1
650,/content/drive/MyDrive/IM/l04-034.png,2,1
651,/content/drive/MyDrive/IM/l04-043.png,2,1
652,/content/drive/MyDrive/IM/l04-052.png,2,1
653,/content/drive/MyDrive/IM/l04-062.png,2,1
654,/content/drive/MyDrive/IM/l04-066.png,0,0
655,/content/drive/MyDrive/IM/l04-071.png,0,0
656,/content/drive/MyDrive/IM/l04-082.png,2,1
657,/content/drive/MyDrive/IM/l04-087.png,2,1
658,/content/drive/MyDrive/IM/l04-093.png,2,1
659,/content/drive/MyDrive/IM/l04-098.png,2,1
660,/content/drive/MyDrive/IM/l04-102.png,2,1
661,/content/drive/MyDrive/IM/l04-106.png,2,1
662,/content/drive/MyDrive/IM/l04-113.png,2,1
663,/content/drive/MyDrive/IM/l04-118.png,2,1
664,/content/drive/MyDrive/IM/l04-124.png,2,1
665,/content/drive/MyDrive/IM/l04-130.png,0,0
666,/content/drive/MyDrive/IM/l04-136.png,0,0
667,/content/drive/MyDrive/IM/l04-141.png,2,1
668,/content/drive/MyDrive/IM/l04-147.png,2,1
669,/content/drive/MyDrive/IM/l04-153.png,0,0
670,/content/drive/MyDrive/IM/l04-159.png,0,0
671,/content/drive/MyDrive/IM/l04-163.png,2,1
672,/content/drive/MyDrive/IM/l04-170.png,2,1
673,/content/drive/MyDrive/IM/l04-174.png,2,1
674,/content/drive/MyDrive/IM/l04-179.png,2,1
675,/content/drive/MyDrive/IM/l07-052.png,0,0
676,/content/drive/MyDrive/IM/l07-065.png,0,0
677,/content/drive/MyDrive/IM/l07-074.png,0,0
678,/content/drive/MyDrive/IM/l07-080.png,2,1
679,/content/drive/MyDrive/IM/l07-085.png,2,1
680,/content/drive/MyDrive/IM/l07-103.png,2,1
681,/content/drive/MyDrive/IM/l07-111.png,2,1
682,/content/drive/MyDrive/IM/l07-118.png,2,1
683,/content/drive/MyDrive/IM/l07-131.png,2,1
684,/content/drive/MyDrive/IM/l07-135.png,2,1
685,/content/drive/MyDrive/IM/l07-138.png,2,1
686,/content/drive/MyDrive/IM/l07-172.png,2,1
687,/content/drive/MyDrive/IM/l07-176.png,2,1
688,/content/drive/MyDrive/IM/l07-181.png,2,1
689,/content/drive/MyDrive/IM/l07-187.png,2,1
690,/content/drive/MyDrive/IM/l07-190.png,2,1
691,/content/drive/MyDrive/IM/m01-000.png,0,0
692,/content/drive/MyDrive/IM/m01-012.png,0,0
693,/content/drive/MyDrive/IM/m01-017.png,2,1
694,/content/drive/MyDrive/IM/m01-022.png,2,1
695,/content/drive/MyDrive/IM/m01-026.png,0,0
696,/content/drive/MyDrive/IM/m01-032.png,2,1
697,/content/drive/MyDrive/IM/m01-038.png,2,1
698,/content/drive/MyDrive/IM/m01-049.png,0,0
699,/content/drive/MyDrive/IM/m01-060.png,0,0
700,/content/drive/MyDrive/IM/m01-079.png,0,0
701,/content/drive/MyDrive/IM/m01-084.png,0,0
702,/content/drive/MyDrive/IM/m01-090.png,0,0
703,/content/drive/MyDrive/IM/m01-095.png,2,1
704,/content/drive/MyDrive/IM/m01-100.png,2,1
705,/content/drive/MyDrive/IM/m01-104.png,2,1
706,/content/drive/MyDrive/IM/m01-110.png,0,0
707,/content/drive/MyDrive/IM/m01-115.png,1,0
708,/content/drive/MyDrive/IM/m01-121.png,2,1
709,/content/drive/MyDrive/IM/m01-125.png,2,1
710,/content/drive/MyDrive/IM/m01-131.png,0,0
711,/content/drive/MyDrive/IM/m01-136.png,0,0
712,/content/drive/MyDrive/IM/m01-149.png,0,0
713,/content/drive/MyDrive/IM/m01-160.png,0,0
714,/content/drive/MyDrive/IM/m02-048.png,2,1
715,/content/drive/MyDrive/IM/m02-052.png,0,0
716,/content/drive/MyDrive/IM/m02-055.png,0,0
717,/content/drive/MyDrive/IM/m02-059.png,0,0
718,/content/drive/MyDrive/IM/m02-066.png,2,1
719,/content/drive/MyDrive/IM/m02-069.png,0,0
720,/content/drive/MyDrive/IM/m02-072.png,0,0
721,/content/drive/MyDrive/IM/m02-075.png,2,1
722,/content/drive/MyDrive/IM/m02-080.png,2,1
723,/content/drive/MyDrive/IM/m02-083.png,1,0
724,/content/drive/MyDrive/IM/m02-087.png,2,1
725,/content/drive/MyDrive/IM/m02-090.png,1,0
726,/content/drive/MyDrive/IM/m02-095.png,0,0
727,/content/drive/MyDrive/IM/m02-102.png,2,1
728,/content/drive/MyDrive/IM/m02-106.png,2,1
729,/content/drive/MyDrive/IM/m02-109.png,2,1
730,/content/drive/MyDrive/IM/m02-112.png,2,1
731,/content/drive/MyDrive/IM/m03-006.png,0,0
732,/content/drive/MyDrive/IM/m03-013.png,0,0
733,/content/drive/MyDrive/IM/m03-020.png,0,0
734,/content/drive/MyDrive/IM/m03-033.png,3,1
735,/content/drive/MyDrive/IM/m03-062.png,0,0
736,/content/drive/MyDrive/IM/m03-095.png,0,0
737,/content/drive/MyDrive/IM/m03-110.png,2,1
738,/content/drive/MyDrive/IM/m03-114.png,2,1
739,/content/drive/MyDrive/IM/m03-118.png,3,1
740,/content/drive/MyDrive/IM/m04-000.png,0,0
741,/content/drive/MyDrive/IM/m04-007.png,0,0
742,/content/drive/MyDrive/IM/m04-012.png,0,0
743,/content/drive/MyDrive/IM/m04-019.png,0,0
744,/content/drive/MyDrive/IM/m04-024.png,0,0
745,/content/drive/MyDrive/IM/m04-030.png,2,1
746,/content/drive/MyDrive/IM/m04-038.png,2,1
747,/content/drive/MyDrive/IM/m04-043.png,2,1
748,/content/drive/MyDrive/IM/m04-061.png,2,1
749,/content/drive/MyDrive/IM/m04-072.png,0,0
750,/content/drive/MyDrive/IM/m04-078.png,0,0
751,/content/drive/MyDrive/IM/m04-081.png,0,0
752,/content/drive/MyDrive/IM/m04-093.png,0,0
753,/content/drive/MyDrive/IM/m04-100.png,0,0
754,/content/drive/MyDrive/IM/m04-107.png,2,1
755,/content/drive/MyDrive/IM/m04-113.png,2,1
756,/content/drive/MyDrive/IM/m04-123.png,2,1
757,/content/drive/MyDrive/IM/m04-131.png,2,1
758,/content/drive/MyDrive/IM/m04-138.png,2,1
759,/content/drive/MyDrive/IM/m04-145.png,0,0
760,/content/drive/MyDrive/IM/m04-152.png,0,0
761,/content/drive/MyDrive/IM/m04-164.png,0,0
762,/content/drive/MyDrive/IM/m04-180.png,0,0
763,/content/drive/MyDrive/IM/m04-190.png,2,1
764,/content/drive/MyDrive/IM/m04-200.png,2,1
765,/content/drive/MyDrive/IM/m04-209.png,2,1
766,/content/drive/MyDrive/IM/m04-216.png,2,1
767,/content/drive/MyDrive/IM/m04-222.png,2,1
768,/content/drive/MyDrive/IM/m04-231.png,0,0
769,/content/drive/MyDrive/IM/m04-238.png,0,0
770,/content/drive/MyDrive/IM/m04-246.png,0,0
771,/content/drive/MyDrive/IM/m04-251.png,0,0
772,/content/drive/MyDrive/IM/m06-019.png,2,1
773,/content/drive/MyDrive/IM/m06-031.png,2,1
774,/content/drive/MyDrive/IM/m06-042.png,2,1
775,/content/drive/MyDrive/IM/m06-048.png,2,1
776,/content/drive/MyDrive/IM/m06-056.png,2,1
777,/content/drive/MyDrive/IM/m06-067.png,2,1
778,/content/drive/MyDrive/IM/m06-076.png,2,1
779,/content/drive/MyDrive/IM/m06-083.png,2,1
780,/content/drive/MyDrive/IM/m06-091.png,2,1
781,/content/drive/MyDrive/IM/m06-098.png,2,1
782,/content/drive/MyDrive/IM/m06-106.png,2,1
783,/content/drive/MyDrive/IM/n01-000.png,2,1
784,/content/drive/MyDrive/IM/n01-004.png,2,1
785,/content/drive/MyDrive/IM/n01-009.png,2,1
786,/content/drive/MyDrive/IM/n01-020.png,2,1
787,/content/drive/MyDrive/IM/n01-031.png,2,1
788,/content/drive/MyDrive/IM/n01-036.png,0,0
789,/content/drive/MyDrive/IM/n01-045.png,2,1
790,/content/drive/MyDrive/IM/n01-052.png,0,0
791,/content/drive/MyDrive/IM/n01-057.png,0,0
792,/content/drive/MyDrive/IM/n02-000.png,2,1
793,/content/drive/MyDrive/IM/n02-004.png,2,1
794,/content/drive/MyDrive/IM/n02-009.png,2,1
795,/content/drive/MyDrive/IM/n02-016.png,2,1
796,/content/drive/MyDrive/IM/n02-028.png,1,0
797,/content/drive/MyDrive/IM/n02-033.png,2,1
798,/content/drive/MyDrive/IM/n02-037.png,2,1
799,/content/drive/MyDrive/IM/n02-040.png,2,1
800,/content/drive/MyDrive/IM/n02-045.png,2,1
801,/content/drive/MyDrive/IM/n02-049.png,1,0
802,/content/drive/MyDrive/IM/n02-054.png,2,1
803,/content/drive/MyDrive/IM/n02-062.png,2,1
804,/content/drive/MyDrive/IM/n02-082a.png,2,1
805,/content/drive/MyDrive/IM/n02-098.png,0,0
806,/content/drive/MyDrive/IM/n02-104.png,2,1
807,/content/drive/MyDrive/IM/n02-109.png,2,1
808,/content/drive/MyDrive/IM/n02-114.png,2,1
809,/content/drive/MyDrive/IM/n02-120.png,2,1
810,/content/drive/MyDrive/IM/n02-127.png,2,1
811,/content/drive/MyDrive/IM/n02-146.png,2,1
812,/content/drive/MyDrive/IM/n02-151.png,0,0
813,/content/drive/MyDrive/IM/n02-154.png,2,1
814,/content/drive/MyDrive/IM/n02-157.png,2,1
815,/content/drive/MyDrive/IM/n03-038.png,0,0
816,/content/drive/MyDrive/IM/n03-064.png,2,1
817,/content/drive/MyDrive/IM/n03-066.png,0,0
818,/content/drive/MyDrive/IM/n03-079.png,0,0
819,/content/drive/MyDrive/IM/n03-082.png,0,0
820,/content/drive/MyDrive/IM/n03-091.png,2,1
821,/content/drive/MyDrive/IM/n03-097.png,0,0
822,/content/drive/MyDrive/IM/n03-103.png,0,0
823,/content/drive/MyDrive/IM/n03-106.png,0,0
824,/content/drive/MyDrive/IM/n03-113.png,0,0
825,/content/drive/MyDrive/IM/n03-120.png,0,0
826,/content/drive/MyDrive/IM/n03-126.png,0,0
827,/content/drive/MyDrive/IM/n04-000.png,0,0
828,/content/drive/MyDrive/IM/n04-009.png,0,0
829,/content/drive/MyDrive/IM/n04-015.png,2,1
830,/content/drive/MyDrive/IM/n04-022.png,2,1
831,/content/drive/MyDrive/IM/n04-031.png,2,1
832,/content/drive/MyDrive/IM/n04-039.png,2,1
833,/content/drive/MyDrive/IM/n04-044.png,2,1
834,/content/drive/MyDrive/IM/n04-048.png,2,1
835,/content/drive/MyDrive/IM/n04-052.png,2,1
836,/content/drive/MyDrive/IM/n04-060.png,2,1
837,/content/drive/MyDrive/IM/n04-068.png,2,1
838,/content/drive/MyDrive/IM/n04-075.png,2,1
839,/content/drive/MyDrive/IM/n04-084.png,3,1
840,/content/drive/MyDrive/IM/n04-092.png,3,1
841,/content/drive/MyDrive/IM/n04-100.png,3,1
842,/content/drive/MyDrive/IM/n04-107.png,3,1
843,/content/drive/MyDrive/IM/n04-114.png,3,1
844,/content/drive/MyDrive/IM/n04-130.png,0,0
845,/content/drive/MyDrive/IM/n04-139.png,0,0
846,/content/drive/MyDrive/IM/n04-149.png,0,0
847,/content/drive/MyDrive/IM/n04-156.png,0,0
848,/content/drive/MyDrive/IM/n04-163.png,0,0
849,/content/drive/MyDrive/IM/n04-171.png,0,0
850,/content/drive/MyDrive/IM/n04-183.png,0,0
851,/content/drive/MyDrive/IM/n04-190.png,0,0
852,/content/drive/MyDrive/IM/n04-195.png,0,0
853,/content/drive/MyDrive/IM/n04-202.png,2,1
854,/content/drive/MyDrive/IM/n04-209.png,2,1
855,/content/drive/MyDrive/IM/n04-213.png,2,1
856,/content/drive/MyDrive/IM/n04-218.png,2,1
857,/content/drive/MyDrive/IM/n06-074.png,0,0
858,/content/drive/MyDrive/IM/n06-082.png,0,0
859,/content/drive/MyDrive/IM/n06-092.png,0,0
860,/content/drive/MyDrive/IM/n06-100.png,0,0
861,/content/drive/MyDrive/IM/n06-111.png,0,0
862,/content/drive/MyDrive/IM/n06-119.png,0,0
863,/content/drive/MyDrive/IM/n06-123.png,0,0
864,/content/drive/MyDrive/IM/n06-128.png,0,0
865,/content/drive/MyDrive/IM/n06-133.png,0,0
866,/content/drive/MyDrive/IM/n06-140.png,0,0
867,/content/drive/MyDrive/IM/n06-148.png,2,1
868,/content/drive/MyDrive/IM/n06-156.png,2,1
869,/content/drive/MyDrive/IM/n06-163.png,2,1
870,/content/drive/MyDrive/IM/n06-169.png,2,1
871,/content/drive/MyDrive/IM/n06-175.png,2,1
872,/content/drive/MyDrive/IM/n06-182.png,2,1
873,/content/drive/MyDrive/IM/n06-186.png,2,1
874,/content/drive/MyDrive/IM/n06-194.png,2,1
875,/content/drive/MyDrive/IM/n06-201.png,2,1
876,/content/drive/MyDrive/IM/p01-147.png,2,1
877,/content/drive/MyDrive/IM/p01-155.png,2,1
878,/content/drive/MyDrive/IM/p01-168.png,0,0
879,/content/drive/MyDrive/IM/p01-174.png,0,0
880,/content/drive/MyDrive/IM/p02-000.png,2,1
881,/content/drive/MyDrive/IM/p02-008.png,2,1
882,/content/drive/MyDrive/IM/p02-017.png,0,0
883,/content/drive/MyDrive/IM/p02-022.png,2,1
884,/content/drive/MyDrive/IM/p02-027.png,0,0
885,/content/drive/MyDrive/IM/p02-069.png,1,0
886,/content/drive/MyDrive/IM/p02-076.png,0,0
887,/content/drive/MyDrive/IM/p02-081.png,0,0
888,/content/drive/MyDrive/IM/p02-090.png,1,0
889,/content/drive/MyDrive/IM/p02-101.png,3,1
890,/content/drive/MyDrive/IM/p02-105.png,2,1
891,/content/drive/MyDrive/IM/p02-109.png,0,0
892,/content/drive/MyDrive/IM/p02-115.png,2,1
893,/content/drive/MyDrive/IM/p02-121.png,2,1
894,/content/drive/MyDrive/IM/p02-127.png,2,1
895,/content/drive/MyDrive/IM/p02-131.png,2,1
896,/content/drive/MyDrive/IM/p02-135.png,2,1
897,/content/drive/MyDrive/IM/p02-139.png,0,0
898,/content/drive/MyDrive/IM/p02-144.png,2,1
899,/content/drive/MyDrive/IM/p02-150.png,0,0
900,/content/drive/MyDrive/IM/p02-155.png,1,0
901,/content/drive/MyDrive/IM/p03-004.png,0,0
902,/content/drive/MyDrive/IM/p03-009.png,1,0
903,/content/drive/MyDrive/IM/p03-012.png,1,0
904,/content/drive/MyDrive/IM/p03-023.png,2,1
905,/content/drive/MyDrive/IM/p03-027.png,2,1
906,/content/drive/MyDrive/IM/p03-029.png,2,1
907,/content/drive/MyDrive/IM/p03-033.png,1,0
908,/content/drive/MyDrive/IM/p03-040.png,1,0
909,/content/drive/MyDrive/IM/p03-047.png,0,0
910,/content/drive/MyDrive/IM/p03-057.png,0,0
911,/content/drive/MyDrive/IM/p03-069.png,2,1
912,/content/drive/MyDrive/IM/p03-072.png,2,1
913,/content/drive/MyDrive/IM/p03-080.png,0,0
914,/content/drive/MyDrive/IM/p03-087.png,0,0
915,/content/drive/MyDrive/IM/p03-096.png,0,0
916,/content/drive/MyDrive/IM/p03-103.png,0,0
917,/content/drive/MyDrive/IM/p03-112.png,0,0
918,/content/drive/MyDrive/IM/p03-121.png,3,1
919,/content/drive/MyDrive/IM/p03-135.png,2,1
920,/content/drive/MyDrive/IM/p03-142.png,2,1
921,/content/drive/MyDrive/IM/p03-151.png,0,0
922,/content/drive/MyDrive/IM/p03-158.png,2,1
923,/content/drive/MyDrive/IM/p03-163.png,0,0
924,/content/drive/MyDrive/IM/p03-173.png,0,0
925,/content/drive/MyDrive/IM/p03-181.png,1,0
926,/content/drive/MyDrive/IM/p03-185.png,2,1
927,/content/drive/MyDrive/IM/p03-189.png,2,1
928,/content/drive/MyDrive/IM/p06-030.png,0,0
929,/content/drive/MyDrive/IM/p06-042.png,0,0
930,/content/drive/MyDrive/IM/p06-047.png,0,0
931,/content/drive/MyDrive/IM/p06-052.png,0,0
932,/content/drive/MyDrive/IM/p06-058.png,0,0
933,/content/drive/MyDrive/IM/p06-069.png,0,0
934,/content/drive/MyDrive/IM/p06-088.png,0,0
935,/content/drive/MyDrive/IM/p06-096.png,0,0
936,/content/drive/MyDrive/IM/p06-104.png,0,0
937,/content/drive/MyDrive/IM/p06-242.png,0,0
938,/content/drive/MyDrive/IM/p06-248.png,0,0
939,/content/drive/MyDrive/IM/r02-000.png,3,1
940,/content/drive/MyDrive/IM/r02-003.png,2,1
941,/content/drive/MyDrive/IM/r02-006.png,0,0
942,/content/drive/MyDrive/IM/r02-010.png,2,1
943,/content/drive/MyDrive/IM/r02-013.png,2,1
944,/content/drive/MyDrive/IM/r02-038.png,2,1
945,/content/drive/MyDrive/IM/r02-054.png,2,1
946,/content/drive/MyDrive/IM/r02-060.png,1,0
947,/content/drive/MyDrive/IM/r02-065.png,1,0
948,/content/drive/MyDrive/IM/r02-070.png,0,0
949,/content/drive/MyDrive/IM/r02-078.png,2,1
950,/content/drive/MyDrive/IM/r02-081.png,2,1
951,/content/drive/MyDrive/IM/r02-089.png,0,0
952,/content/drive/MyDrive/IM/r02-109.png,0,0
953,/content/drive/MyDrive/IM/r02-117.png,0,0
954,/content/drive/MyDrive/IM/r02-127.png,2,1
955,/content/drive/MyDrive/IM/r02-131.png,0,0
956,/content/drive/MyDrive/IM/r02-137.png,0,0
957,/content/drive/MyDrive/IM/r02-146.png,0,0
958,/content/drive/MyDrive/IM/r03-002.png,0,0
959,/content/drive/MyDrive/IM/r03-007.png,0,0
960,/content/drive/MyDrive/IM/r03-026.png,3,1
961,/content/drive/MyDrive/IM/r03-030.png,0,0
962,/content/drive/MyDrive/IM/r03-035.png,2,1
963,/content/drive/MyDrive/IM/r03-050.png,2,1
964,/content/drive/MyDrive/IM/r03-053.png,2,1
965,/content/drive/MyDrive/IM/r03-056.png,2,1
966,/content/drive/MyDrive/IM/r03-065.png,2,1
967,/content/drive/MyDrive/IM/r03-084.png,2,1
968,/content/drive/MyDrive/IM/r03-090.png,2,1
969,/content/drive/MyDrive/IM/r03-096.png,2,1
970,/content/drive/MyDrive/IM/r03-110.png,2,1
971,/content/drive/MyDrive/IM/r03-115.png,2,1
972,/content/drive/MyDrive/IM/r06-000.png,0,0
973,/content/drive/MyDrive/IM/r06-003.png,0,0
974,/content/drive/MyDrive/IM/r06-007.png,0,0
975,/content/drive/MyDrive/IM/r06-011.png,0,0
976,/content/drive/MyDrive/IM/r06-018.png,0,0
977,/content/drive/MyDrive/IM/r06-022.png,0,0
978,/content/drive/MyDrive/IM/r06-027.png,0,0
979,/content/drive/MyDrive/IM/r06-035.png,2,1
980,/content/drive/MyDrive/IM/r06-041.png,2,1
981,/content/drive/MyDrive/IM/r06-044.png,2,1
982,/content/drive/MyDrive/IM/r06-049.png,2,1
983,/content/drive/MyDrive/IM/r06-053.png,2,1
984,/content/drive/MyDrive/IM/r06-057.png,2,1
985,/content/drive/MyDrive/IM/r06-062.png,2,1
986,/content/drive/MyDrive/IM/r06-066.png,2,1
987,/content/drive/MyDrive/IM/r06-070.png,2,1
988,/content/drive/MyDrive/IM/r06-076.png,2,1
989,/content/drive/MyDrive/IM/r06-090.png,0,0
990,/content/drive/MyDrive/IM/r06-097.png,0,0
991,/content/drive/MyDrive/IM/r06-103.png,0,0
992,/content/drive/MyDrive/IM/r06-106.png,0,0
993,/content/drive/MyDrive/IM/r06-111.png,0,0
994,/content/drive/MyDrive/IM/r06-115.png,0,0
995,/content/drive/MyDrive/IM/r06-121.png,0,0
996,/content/drive/MyDrive/IM/r06-126.png,0,0
997,/content/drive/MyDrive/IM/r06-130.png,0,0
998,/content/drive/MyDrive/IM/r06-137.png,0,0
999,/content/drive/MyDrive/IM/r06-143.png,0,0
1000,/content/drive/MyDrive/IM/a01-000u.png,2,1
1001,/content/drive/MyDrive/IM/a01-000x.png,0,0
1002,/content/drive/MyDrive/IM/a01-003.png,0,0
1003,/content/drive/MyDrive/IM/a01-003u.png,2,1
1004,/content/drive/MyDrive/IM/a01-003x.png,0,0
1005,/content/drive/MyDrive/IM/a01-007.png,0,0
1006,/content/drive/MyDrive/IM/a01-007u.png,2,1
1007,/content/drive/MyDrive/IM/a01-007x.png,0,0
1008,/content/drive/MyDrive/IM/a01-011.png,0,0
1009,/content/drive/MyDrive/IM/a01-011u.png,2,1
1010,/content/drive/MyDrive/IM/a01-011x.png,2,1
1011,/content/drive/MyDrive/IM/a01-014.png,2,1
1012,/content/drive/MyDrive/IM/a01-014u.png,2,1
1013,/content/drive/MyDrive/IM/a01-014x.png,2,1
1014,/content/drive/MyDrive/IM/a01-020.png,1,0
1015,/content/drive/MyDrive/IM/a01-020u.png,2,1
1016,/content/drive/MyDrive/IM/a01-020x.png,0,0
1017,/content/drive/MyDrive/IM/a01-026.png,1,0
1018,/content/drive/MyDrive/IM/a01-026u.png,2,1
1019,/content/drive/MyDrive/IM/a01-026x.png,2,1
1020,/content/drive/MyDrive/IM/a01-030.png,0,0
1021,/content/drive/MyDrive/IM/a01-030u.png,2,1
1022,/content/drive/MyDrive/IM/a01-030x.png,0,0
1023,/content/drive/MyDrive/IM/a01-038.png,2,1
1024,/content/drive/MyDrive/IM/a01-038x.png,0,0
1025,/content/drive/MyDrive/IM/a01-043.png,0,0
1026,/content/drive/MyDrive/IM/a01-043u.png,2,1
1027,/content/drive/MyDrive/IM/a01-043x.png,0,0
1028,/content/drive/MyDrive/IM/a01-049.png,0,0
1029,/content/drive/MyDrive/IM/a01-049u.png,2,1
1030,/content/drive/MyDrive/IM/a01-049x.png,2,1
1031,/content/drive/MyDrive/IM/a01-053.png,2,1
1032,/content/drive/MyDrive/IM/a01-053u.png,2,1
1033,/content/drive/MyDrive/IM/a01-053x.png,3,1
1034,/content/drive/MyDrive/IM/a01-058.png,2,1
1035,/content/drive/MyDrive/IM/a01-058u.png,2,1
1036,/content/drive/MyDrive/IM/a01-058x.png,3,1
1037,/content/drive/MyDrive/IM/a01-063.png,2,1
1038,/content/drive/MyDrive/IM/a01-063u.png,2,1
1039,/content/drive/MyDrive/IM/a01-063x.png,2,1
1040,/content/drive/MyDrive/IM/a01-068u.png,2,1
1041,/content/drive/MyDrive/IM/a01-072u.png,2,1
1042,/content/drive/MyDrive/IM/a01-072x.png,0,0
1043,/content/drive/MyDrive/IM/a01-077.png,0,0
1044,/content/drive/MyDrive/IM/a01-077u.png,2,1
1045,/content/drive/MyDrive/IM/a01-082u.png,2,1
1046,/content/drive/MyDrive/IM/a01-087.png,0,0
1047,/content/drive/MyDrive/IM/a01-087u.png,2,1
1048,/content/drive/MyDrive/IM/a01-091.png,0,0
1049,/content/drive/MyDrive/IM/a01-091u.png,2,1
1050,/content/drive/MyDrive/IM/a01-096u.png,2,1
1051,/content/drive/MyDrive/IM/a01-102.png,0,0
1052,/content/drive/MyDrive/IM/a01-102u.png,2,1
1053,/content/drive/MyDrive/IM/a01-107.png,2,1
1054,/content/drive/MyDrive/IM/a01-107u.png,2,1
1055,/content/drive/MyDrive/IM/a01-113.png,2,1
1056,/content/drive/MyDrive/IM/a01-113u.png,2,1
1057,/content/drive/MyDrive/IM/a01-117.png,0,0
1058,/content/drive/MyDrive/IM/a01-117u.png,2,1
1059,/content/drive/MyDrive/IM/a01-122.png,0,0
1060,/content/drive/MyDrive/IM/a01-122u.png,2,1
1061,/content/drive/MyDrive/IM/a01-128.png,0,0
1062,/content/drive/MyDrive/IM/a01-128u.png,2,1
1063,/content/drive/MyDrive/IM/a01-132.png,2,1
1064,/content/drive/MyDrive/IM/a01-132u.png,2,1
1065,/content/drive/MyDrive/IM/a01-132x.png,2,1
1066,/content/drive/MyDrive/IM/a02-000.png,2,1
1067,/content/drive/MyDrive/IM/a02-004.png,0,0
1068,/content/drive/MyDrive/IM/a02-008.png,2,1
1069,/content/drive/MyDrive/IM/a02-012.png,2,1
1070,/content/drive/MyDrive/IM/a02-017.png,2,1
1071,/content/drive/MyDrive/IM/a02-020.png,2,1
1072,/content/drive/MyDrive/IM/a02-024.png,2,1
1073,/content/drive/MyDrive/IM/a02-027.png,2,1
1074,/content/drive/MyDrive/IM/a02-032.png,2,1
1075,/content/drive/MyDrive/IM/a02-037.png,0,0
1076,/content/drive/MyDrive/IM/a02-042.png,0,0
1077,/content/drive/MyDrive/IM/a02-046.png,2,1
1078,/content/drive/MyDrive/IM/a02-050.png,3,1
1079,/content/drive/MyDrive/IM/a02-053.png,2,1
1080,/content/drive/MyDrive/IM/a02-057.png,0,0
1081,/content/drive/MyDrive/IM/a02-062.png,0,0
1082,/content/drive/MyDrive/IM/a02-067.png,0,0
1083,/content/drive/MyDrive/IM/a02-072.png,0,0
1084,/content/drive/MyDrive/IM/a02-078.png,0,0
1085,/content/drive/MyDrive/IM/a02-082.png,3,1
1086,/content/drive/MyDrive/IM/a02-086.png,0,0
1087,/content/drive/MyDrive/IM/a02-090.png,0,0
1088,/content/drive/MyDrive/IM/a02-093.png,0,0
1089,/content/drive/MyDrive/IM/a02-098.png,0,0
1090,/content/drive/MyDrive/IM/a02-102.png,0,0
1091,/content/drive/MyDrive/IM/a02-106.png,0,0
1092,/content/drive/MyDrive/IM/a02-111.png,0,0
1093,/content/drive/MyDrive/IM/a02-116.png,2,1
1094,/content/drive/MyDrive/IM/a02-120.png,0,0
1095,/content/drive/MyDrive/IM/a02-124.png,0,0
1096,/content/drive/MyDrive/IM/a03-006.png,0,0
1097,/content/drive/MyDrive/IM/a03-009.png,0,0
1098,/content/drive/MyDrive/IM/a03-011.png,0,0
1099,/content/drive/MyDrive/IM/a03-014.png,0,0
1100,/content/drive/MyDrive/IM/a03-017.png,2,1
1101,/content/drive/MyDrive/IM/a03-020.png,0,0
1102,/content/drive/MyDrive/IM/a03-023.png,0,0
1103,/content/drive/MyDrive/IM/a03-027.png,0,0
1104,/content/drive/MyDrive/IM/a03-030.png,2,1
1105,/content/drive/MyDrive/IM/a03-034.png,2,1
1106,/content/drive/MyDrive/IM/a03-037.png,2,1
1107,/content/drive/MyDrive/IM/a03-040.png,2,1
1108,/content/drive/MyDrive/IM/a03-043.png,0,0
1109,/content/drive/MyDrive/IM/a03-047.png,0,0
1110,/content/drive/MyDrive/IM/a03-050.png,2,1
1111,/content/drive/MyDrive/IM/a03-054.png,1,0
1112,/content/drive/MyDrive/IM/a03-059.png,2,1
1113,/content/drive/MyDrive/IM/a03-063.png,2,1
1114,/content/drive/MyDrive/IM/a03-066.png,0,0
1115,/content/drive/MyDrive/IM/a03-071.png,2,1
1116,/content/drive/MyDrive/IM/a03-073.png,2,1
1117,/content/drive/MyDrive/IM/a03-080.png,2,1
1118,/content/drive/MyDrive/IM/a03-089.png,2,1
1119,/content/drive/MyDrive/IM/a04-000.png,0,0
1120,/content/drive/MyDrive/IM/a04-003.png,0,0
1121,/content/drive/MyDrive/IM/a04-006.png,0,0
1122,/content/drive/MyDrive/IM/a04-010.png,0,0
1123,/content/drive/MyDrive/IM/a04-015.png,0,0
1124,/content/drive/MyDrive/IM/a04-019.png,0,0
1125,/content/drive/MyDrive/IM/a04-023.png,0,0
1126,/content/drive/MyDrive/IM/a04-027.png,0,0
1127,/content/drive/MyDrive/IM/a04-031.png,0,0
1128,/content/drive/MyDrive/IM/a04-035.png,0,0
1129,/content/drive/MyDrive/IM/a04-039.png,0,0
1130,/content/drive/MyDrive/IM/a04-043.png,0,0
1131,/content/drive/MyDrive/IM/a04-047.png,0,0
1132,/content/drive/MyDrive/IM/a04-050.png,0,0
1133,/content/drive/MyDrive/IM/a04-054.png,0,0
1134,/content/drive/MyDrive/IM/a04-059.png,0,0
1135,/content/drive/MyDrive/IM/a04-066.png,0,0
1136,/content/drive/MyDrive/IM/a04-069.png,0,0
1137,/content/drive/MyDrive/IM/a04-072.png,0,0
1138,/content/drive/MyDrive/IM/a04-081.png,0,0
1139,/content/drive/MyDrive/IM/a04-085.png,0,0
1140,/content/drive/MyDrive/IM/a04-089.png,0,0
1141,/content/drive/MyDrive/IM/a04-092.png,0,0
1142,/content/drive/MyDrive/IM/a04-096.png,0,0
1143,/content/drive/MyDrive/IM/a04-099.png,0,0
1144,/content/drive/MyDrive/IM/a04-103.png,0,0
1145,/content/drive/MyDrive/IM/a05-000.png,2,1
1146,/content/drive/MyDrive/IM/a05-004.png,0,0
1147,/content/drive/MyDrive/IM/a05-009.png,0,0
1148,/content/drive/MyDrive/IM/a05-013.png,2,1
1149,/content/drive/MyDrive/IM/a05-017.png,2,1
1150,/content/drive/MyDrive/IM/a05-022.png,2,1
1151,/content/drive/MyDrive/IM/a05-025.png,2,1
1152,/content/drive/MyDrive/IM/a05-029.png,2,1
1153,/content/drive/MyDrive/IM/a05-039.png,2,1
1154,/content/drive/MyDrive/IM/a05-044.png,2,1
1155,/content/drive/MyDrive/IM/a05-048.png,2,1
1156,/content/drive/MyDrive/IM/a05-053.png,2,1
1157,/content/drive/MyDrive/IM/a05-058.png,2,1
1158,/content/drive/MyDrive/IM/a05-062.png,2,1
1159,/content/drive/MyDrive/IM/a05-069.png,2,1
1160,/content/drive/MyDrive/IM/a05-073.png,2,1
1161,/content/drive/MyDrive/IM/a05-080.png,2,1
1162,/content/drive/MyDrive/IM/a05-084.png,2,1
1163,/content/drive/MyDrive/IM/a05-089.png,2,1
1164,/content/drive/MyDrive/IM/a05-094.png,2,1
1165,/content/drive/MyDrive/IM/a05-099.png,2,1
1166,/content/drive/MyDrive/IM/a05-104.png,2,1
1167,/content/drive/MyDrive/IM/a05-108.png,2,1
1168,/content/drive/MyDrive/IM/a05-113.png,2,1
1169,/content/drive/MyDrive/IM/a05-116.png,2,1
1170,/content/drive/MyDrive/IM/a05-121.png,2,1
1171,/content/drive/MyDrive/IM/a05-125.png,2,1
1172,/content/drive/MyDrive/IM/a06-000.png,2,1
1173,/content/drive/MyDrive/IM/a06-004.png,2,1
1174,/content/drive/MyDrive/IM/a06-008.png,2,1
1175,/content/drive/MyDrive/IM/a06-014.png,0,0
1176,/content/drive/MyDrive/IM/a06-020.png,2,1
1177,/content/drive/MyDrive/IM/a06-025.png,3,1
1178,/content/drive/MyDrive/IM/a06-036.png,0,0
1179,/content/drive/MyDrive/IM/a06-039.png,0,0
1180,/content/drive/MyDrive/IM/a06-044.png,2,1
1181,/content/drive/MyDrive/IM/a06-051.png,0,0
1182,/content/drive/MyDrive/IM/a06-057.png,2,1
1183,/content/drive/MyDrive/IM/a06-064.png,2,1
1184,/content/drive/MyDrive/IM/a06-070.png,2,1
1185,/content/drive/MyDrive/IM/a06-075.png,2,1
1186,/content/drive/MyDrive/IM/a06-090.png,2,1
1187,/content/drive/MyDrive/IM/a06-095.png,2,1
1188,/content/drive/MyDrive/IM/a06-100.png,2,1
1189,/content/drive/MyDrive/IM/a06-110.png,2,1
1190,/content/drive/MyDrive/IM/a06-114.png,0,0
1191,/content/drive/MyDrive/IM/a06-119.png,0,0
1192,/content/drive/MyDrive/IM/a06-124.png,0,0
1193,/content/drive/MyDrive/IM/a06-128.png,0,0
1194,/content/drive/MyDrive/IM/a06-134.png,0,0
1195,/content/drive/MyDrive/IM/a06-141.png,0,0
1196,/content/drive/MyDrive/IM/a06-147.png,0,0
1197,/content/drive/MyDrive/IM/a06-152.png,2,1
1198,/content/drive/MyDrive/IM/a06-157.png,0,0
1199,/content/drive/MyDrive/IM/b01-000.png,0,0
1200,/content/drive/MyDrive/IM/b01-004.png,0,0
1201,/content/drive/MyDrive/IM/b01-009.png,0,0
1202,/content/drive/MyDrive/IM/b01-014.png,0,0
1203,/content/drive/MyDrive/IM/b01-018.png,0,0
1204,/content/drive/MyDrive/IM/b01-023.png,0,0
1205,/content/drive/MyDrive/IM/b01-027.png,2,1
1206,/content/drive/MyDrive/IM/b01-033.png,2,1
1207,/content/drive/MyDrive/IM/b01-038.png,2,1
1208,/content/drive/MyDrive/IM/b01-044.png,2,1
1209,/content/drive/MyDrive/IM/b01-049.png,2,1
1210,/content/drive/MyDrive/IM/b01-053.png,2,1
1211,/content/drive/MyDrive/IM/b01-057.png,0,0
1212,/content/drive/MyDrive/IM/b01-062.png,0,0
1213,/content/drive/MyDrive/IM/b01-073.png,0,0
1214,/content/drive/MyDrive/IM/b01-079.png,0,0
1215,/content/drive/MyDrive/IM/b01-084.png,0,0
1216,/content/drive/MyDrive/IM/b01-089.png,0,0
1217,/content/drive/MyDrive/IM/b01-094.png,0,0
1218,/content/drive/MyDrive/IM/b01-113.png,3,1
1219,/content/drive/MyDrive/IM/b01-118.png,3,1
1220,/content/drive/MyDrive/IM/b01-122.png,3,1
1221,/content/drive/MyDrive/IM/b01-127.png,2,1
1222,/content/drive/MyDrive/IM/b01-132.png,2,1
1223,/content/drive/MyDrive/IM/b01-136.png,2,1
1224,/content/drive/MyDrive/IM/b02-013.png,0,0
1225,/content/drive/MyDrive/IM/b02-035.png,0,0
1226,/content/drive/MyDrive/IM/b02-045.png,2,1
1227,/content/drive/MyDrive/IM/b02-097.png,2,1
1228,/content/drive/MyDrive/IM/b02-102.png,3,1
1229,/content/drive/MyDrive/IM/b02-105.png,0,0
1230,/content/drive/MyDrive/IM/b03-025.png,2,1
1231,/content/drive/MyDrive/IM/b03-087.png,3,1
1232,/content/drive/MyDrive/IM/b03-092.png,3,1
1233,/content/drive/MyDrive/IM/b03-098.png,0,0
1234,/content/drive/MyDrive/IM/b03-104.png,2,1
1235,/content/drive/MyDrive/IM/b03-109.png,0,0
1236,/content/drive/MyDrive/IM/b03-114.png,0,0
1237,/content/drive/MyDrive/IM/b04-000.png,0,0
1238,/content/drive/MyDrive/IM/b04-004.png,0,0
1239,/content/drive/MyDrive/IM/b04-010.png,0,0
1240,/content/drive/MyDrive/IM/b04-020.png,0,0
1241,/content/drive/MyDrive/IM/b04-026.png,0,0
1242,/content/drive/MyDrive/IM/b04-034.png,0,0
1243,/content/drive/MyDrive/IM/b04-040.png,0,0
1244,/content/drive/MyDrive/IM/b04-047.png,0,0
1245,/content/drive/MyDrive/IM/b04-054.png,0,0
1246,/content/drive/MyDrive/IM/b04-060.png,0,0
1247,/content/drive/MyDrive/IM/b04-066.png,0,0
1248,/content/drive/MyDrive/IM/b04-075.png,0,0
1249,/content/drive/MyDrive/IM/b04-081.png,2,1
1250,/content/drive/MyDrive/IM/b04-089.png,2,1
1251,/content/drive/MyDrive/IM/b04-096.png,2,1
1252,/content/drive/MyDrive/IM/b04-103.png,2,1
1253,/content/drive/MyDrive/IM/b04-107.png,0,0
1254,/content/drive/MyDrive/IM/b04-116.png,0,0
1255,/content/drive/MyDrive/IM/b04-121.png,0,0
1256,/content/drive/MyDrive/IM/b04-128.png,0,0
1257,/content/drive/MyDrive/IM/b04-134.png,0,0
1258,/content/drive/MyDrive/IM/b04-140.png,0,0
1259,/content/drive/MyDrive/IM/b04-147.png,0,0
1260,/content/drive/MyDrive/IM/b04-154.png,0,0
1261,/content/drive/MyDrive/IM/b04-162.png,2,1
1262,/content/drive/MyDrive/IM/b04-169.png,2,1
1263,/content/drive/MyDrive/IM/b04-175.png,2,1
1264,/content/drive/MyDrive/IM/b04-181.png,2,1
1265,/content/drive/MyDrive/IM/b04-187.png,0,0
1266,/content/drive/MyDrive/IM/b04-195.png,0,0
1267,/content/drive/MyDrive/IM/b04-202.png,0,0
1268,/content/drive/MyDrive/IM/b04-208.png,0,0
1269,/content/drive/MyDrive/IM/b05-017.png,2,1
1270,/content/drive/MyDrive/IM/b05-032.png,2,1
1271,/content/drive/MyDrive/IM/b05-038.png,2,1
1272,/content/drive/MyDrive/IM/b05-042.png,2,1
1273,/content/drive/MyDrive/IM/b05-045.png,2,1
1274,/content/drive/MyDrive/IM/b05-050.png,2,1
1275,/content/drive/MyDrive/IM/b05-055.png,2,1
1276,/content/drive/MyDrive/IM/b05-058.png,2,1
1277,/content/drive/MyDrive/IM/b05-062.png,2,1
1278,/content/drive/MyDrive/IM/b05-067.png,2,1
1279,/content/drive/MyDrive/IM/b05-071.png,2,1
1280,/content/drive/MyDrive/IM/b05-074.png,2,1
1281,/content/drive/MyDrive/IM/b05-079.png,2,1
1282,/content/drive/MyDrive/IM/b05-083.png,0,0
1283,/content/drive/MyDrive/IM/b05-088.png,0,0
1284,/content/drive/MyDrive/IM/b05-098.png,0,0
1285,/content/drive/MyDrive/IM/b06-000.png,2,1
1286,/content/drive/MyDrive/IM/b06-004.png,2,1
1287,/content/drive/MyDrive/IM/b06-008.png,0,0
1288,/content/drive/MyDrive/IM/b06-012.png,2,1
1289,/content/drive/MyDrive/IM/b06-015.png,2,1
1290,/content/drive/MyDrive/IM/b06-019.png,2,1
1291,/content/drive/MyDrive/IM/b06-023.png,2,1
1292,/content/drive/MyDrive/IM/b06-027.png,2,1
1293,/content/drive/MyDrive/IM/b06-032.png,2,1
1294,/content/drive/MyDrive/IM/b06-036.png,2,1
1295,/content/drive/MyDrive/IM/b06-042.png,2,1
1296,/content/drive/MyDrive/IM/b06-045.png,0,0
1297,/content/drive/MyDrive/IM/b06-049.png,2,1
1298,/content/drive/MyDrive/IM/b06-053.png,2,1
1299,/content/drive/MyDrive/IM/b06-056.png,0,0
1300,/content/drive/MyDrive/IM/b06-059.png,2,1
1301,/content/drive/MyDrive/IM/b06-064.png,0,0
1302,/content/drive/MyDrive/IM/b06-068.png,2,1
1303,/content/drive/MyDrive/IM/b06-071.png,2,1
1304,/content/drive/MyDrive/IM/b06-075.png,2,1
1305,/content/drive/MyDrive/IM/b06-079.png,2,1
1306,/content/drive/MyDrive/IM/b06-082.png,0,0
1307,/content/drive/MyDrive/IM/b06-087.png,2,1
1308,/content/drive/MyDrive/IM/b06-090.png,2,1
1309,/content/drive/MyDrive/IM/b06-093.png,0,0
1310,/content/drive/MyDrive/IM/b06-097.png,2,1
1311,/content/drive/MyDrive/IM/b06-100.png,0,0
1312,/content/drive/MyDrive/IM/b06-110.png,2,1
1313,/content/drive/MyDrive/IM/c01-009.png,0,0
1314,/content/drive/MyDrive/IM/c01-014.png,0,0
1315,/content/drive/MyDrive/IM/c01-066.png,2,1
1316,/content/drive/MyDrive/IM/c02-000.png,0,0
1317,/content/drive/MyDrive/IM/c02-003.png,0,0
1318,/content/drive/MyDrive/IM/c02-007.png,2,1
1319,/content/drive/MyDrive/IM/c02-012.png,0,0
1320,/content/drive/MyDrive/IM/c02-017.png,2,1
1321,/content/drive/MyDrive/IM/c02-022.png,0,0
1322,/content/drive/MyDrive/IM/c02-026.png,0,0
1323,/content/drive/MyDrive/IM/c02-030.png,2,1
1324,/content/drive/MyDrive/IM/c02-035.png,0,0
1325,/content/drive/MyDrive/IM/c02-049.png,2,1
1326,/content/drive/MyDrive/IM/c02-056.png,2,1
1327,/content/drive/MyDrive/IM/c02-059.png,2,1
1328,/content/drive/MyDrive/IM/c02-078.png,2,1
1329,/content/drive/MyDrive/IM/c02-082.png,2,1
1330,/content/drive/MyDrive/IM/c02-089.png,2,1
1331,/content/drive/MyDrive/IM/c03-000a.png,2,1
1332,/content/drive/MyDrive/IM/c03-000b.png,2,1
1333,/content/drive/MyDrive/IM/c03-000c.png,2,1
1334,/content/drive/MyDrive/IM/c03-000d.png,2,1
1335,/content/drive/MyDrive/IM/c03-000e.png,1,0
1336,/content/drive/MyDrive/IM/c03-000f.png,0,0
1337,/content/drive/MyDrive/IM/c03-003a.png,2,1
1338,/content/drive/MyDrive/IM/c03-003b.png,2,1
1339,/content/drive/MyDrive/IM/c03-007.png,2,1
1340,/content/drive/MyDrive/IM/c03-003c.png,2,1
1341,/content/drive/MyDrive/IM/c03-003d.png,2,1
1342,/content/drive/MyDrive/IM/c03-003e.png,1,0
1343,/content/drive/MyDrive/IM/c03-003f.png,0,0
1344,/content/drive/MyDrive/IM/c03-007a.png,2,1
1345,/content/drive/MyDrive/IM/c03-007b.png,2,1
1346,/content/drive/MyDrive/IM/c03-007c.png,2,1
1347,/content/drive/MyDrive/IM/c03-007d.png,2,1
1348,/content/drive/MyDrive/IM/c03-007e.png,1,0
1349,/content/drive/MyDrive/IM/c03-007f.png,0,0
1350,/content/drive/MyDrive/IM/c03-016a.png,2,1
1351,/content/drive/MyDrive/IM/c03-016b.png,2,1
1352,/content/drive/MyDrive/IM/c03-016c.png,2,1
1353,/content/drive/MyDrive/IM/c03-016d.png,2,1
1354,/content/drive/MyDrive/IM/c03-016e.png,1,0
1355,/content/drive/MyDrive/IM/c03-021a.png,2,1
1356,/content/drive/MyDrive/IM/c03-021b.png,2,1
1357,/content/drive/MyDrive/IM/c03-021c.png,2,1
1358,/content/drive/MyDrive/IM/c03-021d.png,2,1
1359,/content/drive/MyDrive/IM/c03-021e.png,1,0
1360,/content/drive/MyDrive/IM/c03-021f.png,0,0
1361,/content/drive/MyDrive/IM/c03-081a.png,2,1
1362,/content/drive/MyDrive/IM/c03-081b.png,2,1
1363,/content/drive/MyDrive/IM/c03-081c.png,2,1
1364,/content/drive/MyDrive/IM/c03-081d.png,2,1
1365,/content/drive/MyDrive/IM/c03-081e.png,1,0
1366,/content/drive/MyDrive/IM/c03-081f.png,0,0
1367,/content/drive/MyDrive/IM/c03-084a.png,2,1
1368,/content/drive/MyDrive/IM/c03-084b.png,2,1
1369,/content/drive/MyDrive/IM/c03-084c.png,2,1
1370,/content/drive/MyDrive/IM/c03-084d.png,2,1
1371,/content/drive/MyDrive/IM/c03-084e.png,1,0
1372,/content/drive/MyDrive/IM/c03-084f.png,0,0
1373,/content/drive/MyDrive/IM/c03-087a.png,2,1
1374,/content/drive/MyDrive/IM/c03-087b.png,2,1
1375,/content/drive/MyDrive/IM/c03-087c.png,2,1
1376,/content/drive/MyDrive/IM/c03-087d.png,2,1
1377,/content/drive/MyDrive/IM/c03-087e.png,1,0
1378,/content/drive/MyDrive/IM/c03-087f.png,0,0
1379,/content/drive/MyDrive/IM/c03-094a.png,2,1
1380,/content/drive/MyDrive/IM/c03-094b.png,2,1
1381,/content/drive/MyDrive/IM/c03-094c.png,2,1
1382,/content/drive/MyDrive/IM/c03-094d.png,2,1
1383,/content/drive/MyDrive/IM/c03-094e.png,1,0
1384,/content/drive/MyDrive/IM/c03-094f.png,0,0
1385,/content/drive/MyDrive/IM/c03-096a.png,2,1
1386,/content/drive/MyDrive/IM/c03-096b.png,2,1
1387,/content/drive/MyDrive/IM/c03-096c.png,2,1
1388,/content/drive/MyDrive/IM/c03-096d.png,2,1
1389,/content/drive/MyDrive/IM/c03-096e.png,1,0
1390,/content/drive/MyDrive/IM/c03-096f.png,0,0
1391,/content/drive/MyDrive/IM/c04-000.png,2,1
1392,/content/drive/MyDrive/IM/c04-004.png,2,1
1393,/content/drive/MyDrive/IM/c04-008.png,0,0
1394,/content/drive/MyDrive/IM/c04-013.png,0,0
1395,/content/drive/MyDrive/IM/c04-017.png,0,0
1396,/content/drive/MyDrive/IM/c04-023.png,0,0
1397,/content/drive/MyDrive/IM/c04-028.png,0,0
1398,/content/drive/MyDrive/IM/c04-035.png,0,0
1399,/content/drive/MyDrive/IM/c04-039.png,0,0
1400,/content/drive/MyDrive/IM/c04-044.png,0,0
1401,/content/drive/MyDrive/IM/c04-050.png,2,1
1402,/content/drive/MyDrive/IM/c04-056.png,2,1
1403,/content/drive/MyDrive/IM/c04-061.png,0,0
1404,/content/drive/MyDrive/IM/c04-066.png,0,0
1405,/content/drive/MyDrive/IM/c04-075.png,0,0
1406,/content/drive/MyDrive/IM/c04-080.png,3,1
1407,/content/drive/MyDrive/IM/c04-089.png,2,1
1408,/content/drive/MyDrive/IM/c04-098.png,2,1
1409,/content/drive/MyDrive/IM/c04-105.png,0,0
1410,/content/drive/MyDrive/IM/c04-110.png,0,0
1411,/content/drive/MyDrive/IM/c04-116.png,0,0
1412,/content/drive/MyDrive/IM/c04-122.png,0,0
1413,/content/drive/MyDrive/IM/c04-128.png,3,1
1414,/content/drive/MyDrive/IM/c04-134.png,0,0
1415,/content/drive/MyDrive/IM/c04-139.png,0,0
1416,/content/drive/MyDrive/IM/c04-144.png,0,0
1417,/content/drive/MyDrive/IM/c04-150.png,0,0
1418,/content/drive/MyDrive/IM/c04-156.png,2,1
1419,/content/drive/MyDrive/IM/c04-160.png,2,1
1420,/content/drive/MyDrive/IM/c04-165.png,2,1
1421,/content/drive/MyDrive/IM/c04-170.png,2,1
1422,/content/drive/MyDrive/IM/c06-000.png,2,1
1423,/content/drive/MyDrive/IM/c06-005.png,0,0
1424,/content/drive/MyDrive/IM/c06-011.png,0,0
1425,/content/drive/MyDrive/IM/c06-014.png,2,1
1426,/content/drive/MyDrive/IM/c06-020.png,0,0
1427,/content/drive/MyDrive/IM/c06-027.png,2,1
1428,/content/drive/MyDrive/IM/c06-031.png,2,1
1429,/content/drive/MyDrive/IM/c06-039.png,2,1
1430,/content/drive/MyDrive/IM/c06-043.png,0,0
1431,/content/drive/MyDrive/IM/c06-047.png,0,0
1432,/content/drive/MyDrive/IM/c06-052.png,2,1
1433,/content/drive/MyDrive/IM/c06-058.png,2,1
1434,/content/drive/MyDrive/IM/c06-076.png,2,1
1435,/content/drive/MyDrive/IM/c06-080.png,0,0
1436,/content/drive/MyDrive/IM/c06-083.png,1,0
1437,/content/drive/MyDrive/IM/c06-087.png,2,1
1438,/content/drive/MyDrive/IM/c06-091.png,0,0
1439,/content/drive/MyDrive/IM/c06-095.png,2,1
1440,/content/drive/MyDrive/IM/c06-100.png,2,1
1441,/content/drive/MyDrive/IM/c06-103.png,2,1
1442,/content/drive/MyDrive/IM/c06-106.png,2,1
1443,/content/drive/MyDrive/IM/c06-111.png,2,1
1444,/content/drive/MyDrive/IM/c06-116.png,0,0
1445,/content/drive/MyDrive/IM/c06-128.png,2,1
1446,/content/drive/MyDrive/IM/c06-138.png,2,1
1447,/content/drive/MyDrive/IM/d01-016.png,0,0
1448,/content/drive/MyDrive/IM/d01-019.png,0,0
1449,/content/drive/MyDrive/IM/d01-024.png,2,1
1450,/content/drive/MyDrive/IM/d01-049.png,2,1
1451,/content/drive/MyDrive/IM/d01-052.png,2,1
1452,/content/drive/MyDrive/IM/d01-056.png,2,1
1453,/content/drive/MyDrive/IM/d01-060.png,2,1
1454,/content/drive/MyDrive/IM/d01-080.png,2,1
1455,/content/drive/MyDrive/IM/d01-085.png,2,1
1456,/content/drive/MyDrive/IM/d01-098.png,0,0
1457,/content/drive/MyDrive/IM/d01-104.png,0,0
1458,/content/drive/MyDrive/IM/d01-118.png,0,0
1459,/content/drive/MyDrive/IM/d01-123.png,0,0
1460,/content/drive/MyDrive/IM/d03-112.png,2,1
1461,/content/drive/MyDrive/IM/d03-117.png,1,0
1462,/content/drive/MyDrive/IM/d04-005.png,3,1
1463,/content/drive/MyDrive/IM/d04-008.png,3,1
1464,/content/drive/MyDrive/IM/d04-012.png,0,0
1465,/content/drive/MyDrive/IM/d04-016.png,0,0
1466,/content/drive/MyDrive/IM/d04-021.png,2,1
1467,/content/drive/MyDrive/IM/d04-028.png,2,1
1468,/content/drive/MyDrive/IM/d04-032.png,2,1
1469,/content/drive/MyDrive/IM/d04-037.png,2,1
1470,/content/drive/MyDrive/IM/d04-047.png,2,1
1471,/content/drive/MyDrive/IM/d04-050.png,2,1
1472,/content/drive/MyDrive/IM/d04-053.png,2,1
1473,/content/drive/MyDrive/IM/d04-058.png,3,1
1474,/content/drive/MyDrive/IM/d04-062.png,3,1
1475,/content/drive/MyDrive/IM/d04-066.png,2,1
1476,/content/drive/MyDrive/IM/d04-071.png,2,1
1477,/content/drive/MyDrive/IM/d04-075.png,2,1
1478,/content/drive/MyDrive/IM/d04-081.png,0,0
1479,/content/drive/MyDrive/IM/d04-086.png,2,1
1480,/content/drive/MyDrive/IM/d04-089.png,2,1
1481,/content/drive/MyDrive/IM/d04-096.png,0,0
1482,/content/drive/MyDrive/IM/d04-101.png,0,0
1483,/content/drive/MyDrive/IM/d04-111.png,0,0
1484,/content/drive/MyDrive/IM/d04-117.png,0,0
1485,/content/drive/MyDrive/IM/d04-121.png,0,0
1486,/content/drive/MyDrive/IM/d04-125.png,0,0
1487,/content/drive/MyDrive/IM/d04-131.png,0,0
1488,/content/drive/MyDrive/IM/d05-008.png,0,0
1489,/content/drive/MyDrive/IM/d05-013.png,2,1
1490,/content/drive/MyDrive/IM/d05-021.png,0,0
1491,/content/drive/MyDrive/IM/d05-025.png,0,0
1492,/content/drive/MyDrive/IM/d05-030.png,0,0
1493,/content/drive/MyDrive/IM/d05-040.png,0,0
1494,/content/drive/MyDrive/IM/d06-000.png,2,1
1495,/content/drive/MyDrive/IM/d06-003.png,2,1
1496,/content/drive/MyDrive/IM/d06-008.png,0,0
1497,/content/drive/MyDrive/IM/d06-011.png,2,1
1498,/content/drive/MyDrive/IM/d06-015.png,1,0
1499,/content/drive/MyDrive/IM/d06-020.png,0,0
1500,/content/drive/MyDrive/IM/d06-025.png,0,0
1501,/content/drive/MyDrive/IM/d06-027.png,2,1
1502,/content/drive/MyDrive/IM/d06-030.png,1,0
1503,/content/drive/MyDrive/IM/d06-037.png,1,0
1504,/content/drive/MyDrive/IM/d06-041.png,2,1
1505,/content/drive/MyDrive/IM/d06-046.png,0,0
1506,/content/drive/MyDrive/IM/d06-050.png,1,0
1507,/content/drive/MyDrive/IM/d06-056.png,2,1
1508,/content/drive/MyDrive/IM/d06-060.png,2,1
1509,/content/drive/MyDrive/IM/d06-063.png,0,0
1510,/content/drive/MyDrive/IM/d06-067.png,0,0
1511,/content/drive/MyDrive/IM/d06-072.png,1,0
1512,/content/drive/MyDrive/IM/d06-076.png,2,1
1513,/content/drive/MyDrive/IM/d06-082.png,1,0
1514,/content/drive/MyDrive/IM/d06-086.png,2,1
1515,/content/drive/MyDrive/IM/d06-091.png,2,1
1516,/content/drive/MyDrive/IM/d06-096.png,2,1
1517,/content/drive/MyDrive/IM/d06-100.png,1,0
1518,/content/drive/MyDrive/IM/d06-104.png,0,0
1519,/content/drive/MyDrive/IM/d06-107.png,2,1
1520,/content/drive/MyDrive/IM/d06-111.png,2,1
1521,/content/drive/MyDrive/IM/d06-113.png,2,1
1522,/content/drive/MyDrive/IM/d07-082.png,2,1
1523,/content/drive/MyDrive/IM/d07-085.png,2,1
1524,/content/drive/MyDrive/IM/d07-089.png,2,1
1525,/content/drive/MyDrive/IM/d07-093.png,2,1
1526,/content/drive/MyDrive/IM/d07-096.png,2,1
1527,/content/drive/MyDrive/IM/d07-100.png,2,1
1528,/content/drive/MyDrive/IM/d07-102.png,2,1
1529,/content/drive/MyDrive/IM/e01-014.png,2,1
1530,/content/drive/MyDrive/IM/e01-018.png,2,1
1531,/content/drive/MyDrive/IM/e01-022.png,0,0
1532,/content/drive/MyDrive/IM/e01-025.png,0,0
1533,/content/drive/MyDrive/IM/e01-029.png,0,0
1534,/content/drive/MyDrive/IM/e01-032.png,0,0
1535,/content/drive/MyDrive/IM/e01-035.png,0,0
1536,/content/drive/MyDrive/IM/e01-050.png,0,0
1537,/content/drive/MyDrive/IM/e01-055.png,0,0
1538,/content/drive/MyDrive/IM/e01-059.png,0,0
